player_id,player,positionCode,sweaterNumber,team,team_abbr,headshot
8479994,Jaret Anderson-Dolan,C,28,Winnipeg Jets,WPG,https://assets.nhle.com/mugs/nhl/20252026/WPG/8479994.png
8480289,Morgan Barron,C,36,Winnipeg Jets,WPG,https://assets.nhle.com/mugs/nhl/20252026/WPG/8480289.png
8478398,Kyle Connor,L,81,Winnipeg Jets,WPG,https://assets.nhle.com/mugs/nhl/20252026/WPG/8478398.png
8484135,Parker Ford,C,73,Winnipeg Jets,WPG,https://assets.nhle.com/mugs/nhl/20252026/WPG/8484135.png
8481019,David Gustafsson,C,N/A,Winnipeg Jets,WPG,https://assets.nhle.com/mugs/nhl/20252026/WPG/8481019.png
8480113,Alex Iafallo,L,9,Winnipeg Jets,WPG,https://assets.nhle.com/mugs/nhl/20252026/WPG/8480113.png
8481043,Cole Koepke,L,N/A,Winnipeg Jets,WPG,https://assets.nhle.com/mugs/nhl/20252026/WPG/8481043.png
8480845,Rasmus Kupari,C,15,Winnipeg Jets,WPG,https://assets.nhle.com/mugs/nhl/20252026/WPG/8480845.png
8476392,Adam Lowry,C,17,Winnipeg Jets,WPG,https://assets.nhle.com/mugs/nhl/20252026/WPG/8476392.png
8476480,Vladislav Namestnikov,C,7,Winnipeg Jets,WPG,https://assets.nhle.com/mugs/nhl/20252026/WPG/8476480.png
8475799,Nino Niederreiter,R,62,Winnipeg Jets,WPG,https://assets.nhle.com/mugs/nhl/20252026/WPG/8475799.png
8474679,Gustav Nyquist,C,N/A,Winnipeg Jets,WPG,https://assets.nhle.com/mugs/nhl/20252026/WPG/8474679.png
8476871,Tanner Pearson,L,N/A,Winnipeg Jets,WPG,https://assets.nhle.com/mugs/nhl/20252026/WPG/8476871.png
8482149,Cole Perfetti,C,91,Winnipeg Jets,WPG,https://assets.nhle.com/mugs/nhl/20252026/WPG/8482149.png
8476460,Mark Scheifele,C,55,Winnipeg Jets,WPG,https://assets.nhle.com/mugs/nhl/20252026/WPG/8476460.png
8479972,Mason Shaw,C,23,Winnipeg Jets,WPG,https://assets.nhle.com/mugs/nhl/20252026/WPG/8479972.png
8473604,Jonathan Toews,C,19,Winnipeg Jets,WPG,https://assets.nhle.com/mugs/nhl/20252026/WPG/8473604.png
8480014,Gabriel Vilardi,C,13,Winnipeg Jets,WPG,https://assets.nhle.com/mugs/nhl/20252026/WPG/8480014.png
8484242,Brayden Yager,C,29,Winnipeg Jets,WPG,https://assets.nhle.com/mugs/nhl/20252026/WPG/8484242.png
8476331,Dylan DeMelo,D,2,Winnipeg Jets,WPG,https://assets.nhle.com/mugs/nhl/20252026/WPG/8476331.png
8477938,Haydn Fleury,D,24,Winnipeg Jets,WPG,https://assets.nhle.com/mugs/nhl/20252026/WPG/8477938.png
8481572,Ville Heinola,D,14,Winnipeg Jets,WPG,https://assets.nhle.com/mugs/nhl/20252026/WPG/8481572.png
8476525,Colin Miller,D,6,Winnipeg Jets,WPG,https://assets.nhle.com/mugs/nhl/20252026/WPG/8476525.png
8477504,Josh Morrissey,D,44,Winnipeg Jets,WPG,https://assets.nhle.com/mugs/nhl/20252026/WPG/8477504.png
8482192,Isaak Phillips,D,N/A,Winnipeg Jets,WPG,https://assets.nhle.com/mugs/nhl/20252026/WPG/8482192.png
8480145,Neal Pionk,D,4,Winnipeg Jets,WPG,https://assets.nhle.com/mugs/nhl/20252026/WPG/8480145.png
8483510,Elias Salomonsson,D,57,Winnipeg Jets,WPG,https://assets.nhle.com/mugs/nhl/20252026/WPG/8483510.png
8480049,Dylan Samberg,D,54,Winnipeg Jets,WPG,https://assets.nhle.com/mugs/nhl/20252026/WPG/8480049.png
8474568,Luke Schenn,D,5,Winnipeg Jets,WPG,https://assets.nhle.com/mugs/nhl/20252026/WPG/8474568.png
8479378,Logan Stanley,D,64,Winnipeg Jets,WPG,https://assets.nhle.com/mugs/nhl/20252026/WPG/8479378.png
8477480,Eric Comrie,G,1,Winnipeg Jets,WPG,https://assets.nhle.com/mugs/nhl/20252026/WPG/8477480.png
8476945,Connor Hellebuyck,G,37,Winnipeg Jets,WPG,https://assets.nhle.com/mugs/nhl/20252026/WPG/8476945.png
8483659,Isaac Poulter,G,N/A,Winnipeg Jets,WPG,https://assets.nhle.com/mugs/nhl/20252026/WPG/8483659.png
8478463,Anthony Beauvillier,L,72,Washington Capitals,WSH,https://assets.nhle.com/mugs/nhl/20252026/WSH/8478463.png
8475343,Nic Dowd,C,26,Washington Capitals,WSH,https://assets.nhle.com/mugs/nhl/20252026/WSH/8475343.png
8479400,Pierre-Luc Dubois,L,80,Washington Capitals,WSH,https://assets.nhle.com/mugs/nhl/20252026/WSH/8479400.png
8479520,Brandon Duhaime,R,22,Washington Capitals,WSH,https://assets.nhle.com/mugs/nhl/20252026/WSH/8479520.png
8483573,Ethen Frank,C,53,Washington Capitals,WSH,https://assets.nhle.com/mugs/nhl/20252026/WSH/8483573.png
8484186,Ryan Leonard,R,9,Washington Capitals,WSH,https://assets.nhle.com/mugs/nhl/20252026/WSH/8484186.png
8481580,Connor McMichael,C,24,Washington Capitals,WSH,https://assets.nhle.com/mugs/nhl/20252026/WSH/8481580.png
8477947,Sonny Milano,L,15,Washington Capitals,WSH,https://assets.nhle.com/mugs/nhl/20252026/WSH/8477947.png
8471214,Alex Ovechkin,L,8,Washington Capitals,WSH,https://assets.nhle.com/mugs/nhl/20252026/WSH/8471214.png
8481656,Aliaksei Protas,C,21,Washington Capitals,WSH,https://assets.nhle.com/mugs/nhl/20252026/WSH/8481656.png
8482088,Justin Sourdif,R,34,Washington Capitals,WSH,https://assets.nhle.com/mugs/nhl/20252026/WSH/8482088.png
8478440,Dylan Strome,C,17,Washington Capitals,WSH,https://assets.nhle.com/mugs/nhl/20252026/WSH/8478440.png
8476880,Tom Wilson,R,43,Washington Capitals,WSH,https://assets.nhle.com/mugs/nhl/20252026/WSH/8476880.png
8474590,John Carlson,D,74,Washington Capitals,WSH,https://assets.nhle.com/mugs/nhl/20252026/WSH/8474590.png
8480990,Declan Chisholm,D,47,Washington Capitals,WSH,https://assets.nhle.com/mugs/nhl/20252026/WSH/8480990.png
8479345,Jakob Chychrun,D,6,Washington Capitals,WSH,https://assets.nhle.com/mugs/nhl/20252026/WSH/8479345.png
8480796,Martin Fehérváry,D,42,Washington Capitals,WSH,https://assets.nhle.com/mugs/nhl/20252026/WSH/8480796.png
8475795,Dylan McIlrath,D,52,Washington Capitals,WSH,https://assets.nhle.com/mugs/nhl/20252026/WSH/8475795.png
8478911,Matt Roy,D,3,Washington Capitals,WSH,https://assets.nhle.com/mugs/nhl/20252026/WSH/8478911.png
8480873,Rasmus Sandin,D,38,Washington Capitals,WSH,https://assets.nhle.com/mugs/nhl/20252026/WSH/8480873.png
8477845,Trevor van Riemsdyk,D,57,Washington Capitals,WSH,https://assets.nhle.com/mugs/nhl/20252026/WSH/8477845.png
8479292,Charlie Lindgren,G,79,Washington Capitals,WSH,https://assets.nhle.com/mugs/nhl/20252026/WSH/8479292.png
8480313,Logan Thompson,G,48,Washington Capitals,WSH,https://assets.nhle.com/mugs/nhl/20252026/WSH/8480313.png
8477964,Ivan Barbashev,C,49,Vegas Golden Knights,VGK,https://assets.nhle.com/mugs/nhl/20252026/VGK/8477964.png
8481604,Pavel Dorofeyev,L,16,Vegas Golden Knights,VGK,https://assets.nhle.com/mugs/nhl/20252026/VGK/8481604.png
8478403,Jack Eichel,C,9,Vegas Golden Knights,VGK,https://assets.nhle.com/mugs/nhl/20252026/VGK/8478403.png
8476881,Tomas Hertl,C,48,Vegas Golden Knights,VGK,https://assets.nhle.com/mugs/nhl/20252026/VGK/8476881.png
8482125,Alexander Holtz,R,26,Vegas Golden Knights,VGK,https://assets.nhle.com/mugs/nhl/20252026/VGK/8482125.png
8479353,Brett Howden,C,21,Vegas Golden Knights,VGK,https://assets.nhle.com/mugs/nhl/20252026/VGK/8479353.png
8476448,William Karlsson,C,71,Vegas Golden Knights,VGK,https://assets.nhle.com/mugs/nhl/20252026/VGK/8476448.png
8478434,Keegan Kolesar,R,55,Vegas Golden Knights,VGK,https://assets.nhle.com/mugs/nhl/20252026/VGK/8478434.png
8479550,Tanner Laczynski,C,28,Vegas Golden Knights,VGK,https://assets.nhle.com/mugs/nhl/20252026/VGK/8479550.png
8481534,Raphael Lavoie,C,36,Vegas Golden Knights,VGK,https://assets.nhle.com/mugs/nhl/20252026/VGK/8481534.png
8478483,Mitch Marner,R,93,Vegas Golden Knights,VGK,https://assets.nhle.com/mugs/nhl/20252026/VGK/8478483.png
8481133,Cole Reinhardt,L,N/A,Vegas Golden Knights,VGK,https://assets.nhle.com/mugs/nhl/20252026/VGK/8481133.png
8480007,Jonas Rondbjerg,R,46,Vegas Golden Knights,VGK,https://assets.nhle.com/mugs/nhl/20252026/VGK/8480007.png
8476438,Brandon Saad,L,20,Vegas Golden Knights,VGK,https://assets.nhle.com/mugs/nhl/20252026/VGK/8476438.png
8481655,Cole Schwindt,R,22,Vegas Golden Knights,VGK,https://assets.nhle.com/mugs/nhl/20252026/VGK/8481655.png
8476925,Colton Sissons,C,N/A,Vegas Golden Knights,VGK,https://assets.nhle.com/mugs/nhl/20252026/VGK/8476925.png
8475191,Reilly Smith,R,19,Vegas Golden Knights,VGK,https://assets.nhle.com/mugs/nhl/20252026/VGK/8475191.png
8475913,Mark Stone,R,61,Vegas Golden Knights,VGK,https://assets.nhle.com/mugs/nhl/20252026/VGK/8475913.png
8479639,Dylan Coghlan,D,52,Vegas Golden Knights,VGK,https://assets.nhle.com/mugs/nhl/20252026/VGK/8479639.png
8482141,Lukas Cormier,D,51,Vegas Golden Knights,VGK,https://assets.nhle.com/mugs/nhl/20252026/VGK/8482141.png
8478396,Noah Hanifin,D,15,Vegas Golden Knights,VGK,https://assets.nhle.com/mugs/nhl/20252026/VGK/8478396.png
8477018,Ben Hutton,D,17,Vegas Golden Knights,VGK,https://assets.nhle.com/mugs/nhl/20252026/VGK/8477018.png
8481527,Kaedan Korczak,D,6,Vegas Golden Knights,VGK,https://assets.nhle.com/mugs/nhl/20252026/VGK/8481527.png
8478468,Jeremy Lauzon,D,N/A,Vegas Golden Knights,VGK,https://assets.nhle.com/mugs/nhl/20252026/VGK/8478468.png
8475188,Brayden McNabb,D,3,Vegas Golden Knights,VGK,https://assets.nhle.com/mugs/nhl/20252026/VGK/8475188.png
8477034,Jaycob Megna,D,24,Vegas Golden Knights,VGK,https://assets.nhle.com/mugs/nhl/20252026/VGK/8477034.png
8477447,Shea Theodore,D,27,Vegas Golden Knights,VGK,https://assets.nhle.com/mugs/nhl/20252026/VGK/8477447.png
8480727,Zach Whitecloud,D,2,Vegas Golden Knights,VGK,https://assets.nhle.com/mugs/nhl/20252026/VGK/8480727.png
8478499,Adin Hill,G,33,Vegas Golden Knights,VGK,https://assets.nhle.com/mugs/nhl/20252026/VGK/8478499.png
8482761,Carl Lindbom,G,30,Vegas Golden Knights,VGK,https://assets.nhle.com/mugs/nhl/20252026/VGK/8482761.png
8481033,Akira Schmid,G,40,Vegas Golden Knights,VGK,https://assets.nhle.com/mugs/nhl/20252026/VGK/8481033.png
8476329,Travis Boyd,C,72,Toronto Maple Leafs,TOR,https://assets.nhle.com/mugs/nhl/20252026/TOR/8476329.png
8477503,Max Domi,C,11,Toronto Maple Leafs,TOR,https://assets.nhle.com/mugs/nhl/20252026/TOR/8477503.png
8482130,Roni Hirvonen,C,33,Toronto Maple Leafs,TOR,https://assets.nhle.com/mugs/nhl/20252026/TOR/8482130.png
8475714,Calle Jarnkrok,C,19,Toronto Maple Leafs,TOR,https://assets.nhle.com/mugs/nhl/20252026/TOR/8475714.png
8478057,Dakota Joshua,C,N/A,Toronto Maple Leafs,TOR,https://assets.nhle.com/mugs/nhl/20252026/TOR/8478057.png
8480144,David Kampf,C,64,Toronto Maple Leafs,TOR,https://assets.nhle.com/mugs/nhl/20252026/TOR/8480144.png
8482720,Matthew Knies,L,23,Toronto Maple Leafs,TOR,https://assets.nhle.com/mugs/nhl/20252026/TOR/8482720.png
8476872,Scott Laughton,L,24,Toronto Maple Leafs,TOR,https://assets.nhle.com/mugs/nhl/20252026/TOR/8476872.png
8478904,Steven Lorentz,C,18,Toronto Maple Leafs,TOR,https://assets.nhle.com/mugs/nhl/20252026/TOR/8478904.png
8481711,Matias Maccelli,L,63,Toronto Maple Leafs,TOR,https://assets.nhle.com/mugs/nhl/20252026/TOR/8481711.png
8479318,Auston Matthews,C,34,Toronto Maple Leafs,TOR,https://assets.nhle.com/mugs/nhl/20252026/TOR/8479318.png
8482259,Bobby McMann,C,74,Toronto Maple Leafs,TOR,https://assets.nhle.com/mugs/nhl/20252026/TOR/8482259.png
8477939,William Nylander,R,88,Toronto Maple Leafs,TOR,https://assets.nhle.com/mugs/nhl/20252026/TOR/8477939.png
8479543,Michael Pezzetta,L,61,Toronto Maple Leafs,TOR,https://assets.nhle.com/mugs/nhl/20252026/TOR/8479543.png
8484901,Jacob Quillan,C,61,Toronto Maple Leafs,TOR,https://assets.nhle.com/mugs/nhl/20252026/TOR/8484901.png
8481582,Nicholas Robertson,L,89,Toronto Maple Leafs,TOR,https://assets.nhle.com/mugs/nhl/20252026/TOR/8481582.png
8478462,Nicolas Roy,C,55,Toronto Maple Leafs,TOR,https://assets.nhle.com/mugs/nhl/20252026/TOR/8478462.png
8475166,John Tavares,C,91,Toronto Maple Leafs,TOR,https://assets.nhle.com/mugs/nhl/20252026/TOR/8475166.png
8476988,Matt Benning,D,55,Toronto Maple Leafs,TOR,https://assets.nhle.com/mugs/nhl/20252026/TOR/8476988.png
8481122,Simon Benoit,D,2,Toronto Maple Leafs,TOR,https://assets.nhle.com/mugs/nhl/20252026/TOR/8481122.png
8478443,Brandon Carlo,D,25,Toronto Maple Leafs,TOR,https://assets.nhle.com/mugs/nhl/20252026/TOR/8478443.png
8475171,Oliver Ekman-Larsson,D,95,Toronto Maple Leafs,TOR,https://assets.nhle.com/mugs/nhl/20252026/TOR/8475171.png
8476931,Jake McCabe,D,22,Toronto Maple Leafs,TOR,https://assets.nhle.com/mugs/nhl/20252026/TOR/8476931.png
8477541,Dakota Mermis,D,36,Toronto Maple Leafs,TOR,https://assets.nhle.com/mugs/nhl/20252026/TOR/8477541.png
8479026,Philippe Myers,D,51,Toronto Maple Leafs,TOR,https://assets.nhle.com/mugs/nhl/20252026/TOR/8479026.png
8482158,Topi Niemela,D,47,Toronto Maple Leafs,TOR,https://assets.nhle.com/mugs/nhl/20252026/TOR/8482158.png
8476853,Morgan Rielly,D,44,Toronto Maple Leafs,TOR,https://assets.nhle.com/mugs/nhl/20252026/TOR/8476853.png
8483546,Marshall Rifai,D,83,Toronto Maple Leafs,TOR,https://assets.nhle.com/mugs/nhl/20252026/TOR/8483546.png
8475690,Chris Tanev,D,8,Toronto Maple Leafs,TOR,https://assets.nhle.com/mugs/nhl/20252026/TOR/8475690.png
8481567,Henry Thrun,D,3,Toronto Maple Leafs,TOR,https://assets.nhle.com/mugs/nhl/20252026/TOR/8481567.png
8482174,William Villeneuve,D,76,Toronto Maple Leafs,TOR,https://assets.nhle.com/mugs/nhl/20252026/TOR/8482174.png
8481570,Cade Webber,D,52,Toronto Maple Leafs,TOR,https://assets.nhle.com/mugs/nhl/20252026/TOR/8481570.png
8482515,Artur Akhtyamov,G,70,Toronto Maple Leafs,TOR,https://assets.nhle.com/mugs/nhl/20252026/TOR/8482515.png
8483710,Dennis Hildeby,G,35,Toronto Maple Leafs,TOR,https://assets.nhle.com/mugs/nhl/20252026/TOR/8483710.png
8476932,Anthony Stolarz,G,41,Toronto Maple Leafs,TOR,https://assets.nhle.com/mugs/nhl/20252026/TOR/8476932.png
8479361,Joseph Woll,G,60,Toronto Maple Leafs,TOR,https://assets.nhle.com/mugs/nhl/20252026/TOR/8479361.png
8473994,Jamie Benn,L,14,Dallas Stars,DAL,https://assets.nhle.com/mugs/nhl/20252026/DAL/8473994.png
8476278,Colin Blackwell,C,15,Dallas Stars,DAL,https://assets.nhle.com/mugs/nhl/20252026/DAL/8476278.png
8482145,Mavrik Bourque,C,22,Dallas Stars,DAL,https://assets.nhle.com/mugs/nhl/20252026/DAL/8482145.png
8480840,Oskar Bäck,C,10,Dallas Stars,DAL,https://assets.nhle.com/mugs/nhl/20252026/DAL/8480840.png
8475168,Matt Duchene,C,95,Dallas Stars,DAL,https://assets.nhle.com/mugs/nhl/20252026/DAL/8475168.png
8476889,Radek Faksa,C,12,Dallas Stars,DAL,https://assets.nhle.com/mugs/nhl/20252026/DAL/8476889.png
8478449,Roope Hintz,C,24,Dallas Stars,DAL,https://assets.nhle.com/mugs/nhl/20252026/DAL/8478449.png
8482740,Wyatt Johnston,C,53,Dallas Stars,DAL,https://assets.nhle.com/mugs/nhl/20252026/DAL/8482740.png
8478420,Mikko Rantanen,R,96,Dallas Stars,DAL,https://assets.nhle.com/mugs/nhl/20252026/DAL/8478420.png
8480027,Jason Robertson,L,21,Dallas Stars,DAL,https://assets.nhle.com/mugs/nhl/20252026/DAL/8480027.png
8475794,Tyler Seguin,C,91,Dallas Stars,DAL,https://assets.nhle.com/mugs/nhl/20252026/DAL/8475794.png
8479351,Sam Steel,C,18,Dallas Stars,DAL,https://assets.nhle.com/mugs/nhl/20252026/DAL/8479351.png
8483425,Lian Bichsel,D,6,Dallas Stars,DAL,https://assets.nhle.com/mugs/nhl/20252026/DAL/8483425.png
8481581,Thomas Harley,D,55,Dallas Stars,DAL,https://assets.nhle.com/mugs/nhl/20252026/DAL/8481581.png
8480036,Miro Heiskanen,D,4,Dallas Stars,DAL,https://assets.nhle.com/mugs/nhl/20252026/DAL/8480036.png
8481609,Vladislav Kolyachonok,D,N/A,Dallas Stars,DAL,https://assets.nhle.com/mugs/nhl/20252026/DAL/8481609.png
8476902,Esa Lindell,D,23,Dallas Stars,DAL,https://assets.nhle.com/mugs/nhl/20252026/DAL/8476902.png
8480878,Nils Lundkvist,D,5,Dallas Stars,DAL,https://assets.nhle.com/mugs/nhl/20252026/DAL/8480878.png
8480950,Ilya Lyubushkin,D,46,Dallas Stars,DAL,https://assets.nhle.com/mugs/nhl/20252026/DAL/8480950.png
8479193,Casey DeSmith,G,1,Dallas Stars,DAL,https://assets.nhle.com/mugs/nhl/20252026/DAL/8479193.png
8479979,Jake Oettinger,G,29,Dallas Stars,DAL,https://assets.nhle.com/mugs/nhl/20252026/DAL/8479979.png
8476469,Joel Armia,R,N/A,Los Angeles Kings,LAK,https://assets.nhle.com/mugs/nhl/20252026/LAK/8476469.png
8482124,Quinton Byfield,R,55,Los Angeles Kings,LAK,https://assets.nhle.com/mugs/nhl/20252026/LAK/8482124.png
8476479,Phillip Danault,C,24,Los Angeles Kings,LAK,https://assets.nhle.com/mugs/nhl/20252026/LAK/8476479.png
8477942,Kevin Fiala,L,22,Los Angeles Kings,LAK,https://assets.nhle.com/mugs/nhl/20252026/LAK/8477942.png
8477998,Warren Foegele,L,37,Los Angeles Kings,LAK,https://assets.nhle.com/mugs/nhl/20252026/LAK/8477998.png
8482726,Samuel Helenius,C,79,Los Angeles Kings,LAK,https://assets.nhle.com/mugs/nhl/20252026/LAK/8482726.png
8477960,Adrian Kempe,R,9,Los Angeles Kings,LAK,https://assets.nhle.com/mugs/nhl/20252026/LAK/8477960.png
8471685,Anze Kopitar,C,11,Los Angeles Kings,LAK,https://assets.nhle.com/mugs/nhl/20252026/LAK/8471685.png
8483808,Andrei Kuzmenko,L,96,Los Angeles Kings,LAK,https://assets.nhle.com/mugs/nhl/20252026/LAK/8483808.png
8482155,Alex Laferriere,R,14,Los Angeles Kings,LAK,https://assets.nhle.com/mugs/nhl/20252026/LAK/8482155.png
8482408,Jeff Malott,L,39,Los Angeles Kings,LAK,https://assets.nhle.com/mugs/nhl/20252026/LAK/8482408.png
8479675,Trevor Moore,L,12,Los Angeles Kings,LAK,https://assets.nhle.com/mugs/nhl/20252026/LAK/8479675.png
8470621,Corey Perry,R,N/A,Los Angeles Kings,LAK,https://assets.nhle.com/mugs/nhl/20252026/LAK/8470621.png
8482748,Francesco Pinelli,C,73,Los Angeles Kings,LAK,https://assets.nhle.com/mugs/nhl/20252026/LAK/8482748.png
8480851,Akil Thomas,C,26,Los Angeles Kings,LAK,https://assets.nhle.com/mugs/nhl/20252026/LAK/8480851.png
8481532,Alex Turcotte,C,15,Los Angeles Kings,LAK,https://assets.nhle.com/mugs/nhl/20252026/LAK/8481532.png
8483406,Taylor Ward,R,52,Los Angeles Kings,LAK,https://assets.nhle.com/mugs/nhl/20252026/LAK/8483406.png
8479998,Mikey Anderson,D,44,Los Angeles Kings,LAK,https://assets.nhle.com/mugs/nhl/20252026/LAK/8479998.png
8477335,Kyle Burroughs,D,7,Los Angeles Kings,LAK,https://assets.nhle.com/mugs/nhl/20252026/LAK/8477335.png
8476879,Cody Ceci,D,N/A,Los Angeles Kings,LAK,https://assets.nhle.com/mugs/nhl/20252026/LAK/8476879.png
8482730,Brandt Clarke,D,92,Los Angeles Kings,LAK,https://assets.nhle.com/mugs/nhl/20252026/LAK/8482730.png
8474563,Drew Doughty,D,8,Los Angeles Kings,LAK,https://assets.nhle.com/mugs/nhl/20252026/LAK/8474563.png
8475208,Brian Dumoulin,D,N/A,Los Angeles Kings,LAK,https://assets.nhle.com/mugs/nhl/20252026/LAK/8475208.png
8476441,Joel Edmundson,D,6,Los Angeles Kings,LAK,https://assets.nhle.com/mugs/nhl/20252026/LAK/8476441.png
8479421,Jacob Moverare,D,43,Los Angeles Kings,LAK,https://assets.nhle.com/mugs/nhl/20252026/LAK/8479421.png
8477831,Pheonix Copley,G,29,Los Angeles Kings,LAK,https://assets.nhle.com/mugs/nhl/20252026/LAK/8477831.png
8476341,Anton Forsberg,G,N/A,Los Angeles Kings,LAK,https://assets.nhle.com/mugs/nhl/20252026/LAK/8476341.png
8484857,Carter George,G,40,Los Angeles Kings,LAK,https://assets.nhle.com/mugs/nhl/20252026/LAK/8484857.png
8475311,Darcy Kuemper,G,35,Los Angeles Kings,LAK,https://assets.nhle.com/mugs/nhl/20252026/LAK/8475311.png
8481720,Nick Abruzzese,C,6,Tampa Bay Lightning,TBL,https://assets.nhle.com/mugs/nhl/20252026/TBL/8481720.png
8477416,Oliver Bjorkstrand,R,22,Tampa Bay Lightning,TBL,https://assets.nhle.com/mugs/nhl/20252026/TBL/8477416.png
8482070,Mitchell Chaffee,R,41,Tampa Bay Lightning,TBL,https://assets.nhle.com/mugs/nhl/20252026/TBL/8482070.png
8478519,Anthony Cirelli,C,71,Tampa Bay Lightning,TBL,https://assets.nhle.com/mugs/nhl/20252026/TBL/8478519.png
8476878,Zemgus Girgensons,C,28,Tampa Bay Lightning,TBL,https://assets.nhle.com/mugs/nhl/20252026/TBL/8476878.png
8482201,Gage Goncalves,C,93,Tampa Bay Lightning,TBL,https://assets.nhle.com/mugs/nhl/20252026/TBL/8482201.png
8476826,Yanni Gourde,C,37,Tampa Bay Lightning,TBL,https://assets.nhle.com/mugs/nhl/20252026/TBL/8476826.png
8477404,Jake Guentzel,C,59,Tampa Bay Lightning,TBL,https://assets.nhle.com/mugs/nhl/20252026/TBL/8477404.png
8479542,Brandon Hagel,L,38,Tampa Bay Lightning,TBL,https://assets.nhle.com/mugs/nhl/20252026/TBL/8479542.png
8480995,Pontus Holmberg,R,29,Tampa Bay Lightning,TBL,https://assets.nhle.com/mugs/nhl/20252026/TBL/8480995.png
8476453,Nikita Kucherov,R,86,Tampa Bay Lightning,TBL,https://assets.nhle.com/mugs/nhl/20252026/TBL/8476453.png
8477426,Nick Paul,L,20,Tampa Bay Lightning,TBL,https://assets.nhle.com/mugs/nhl/20252026/TBL/8477426.png
8481592,Jakob Pelletier,L,12,Tampa Bay Lightning,TBL,https://assets.nhle.com/mugs/nhl/20252026/TBL/8481592.png
8478010,Brayden Point,C,21,Tampa Bay Lightning,TBL,https://assets.nhle.com/mugs/nhl/20252026/TBL/8478010.png
8478416,Erik Cernak,D,81,Tampa Bay Lightning,TBL,https://assets.nhle.com/mugs/nhl/20252026/TBL/8478416.png
8475167,Victor Hedman,D,77,Tampa Bay Lightning,TBL,https://assets.nhle.com/mugs/nhl/20252026/TBL/8475167.png
8482929,Emil Lilleberg,D,78,Tampa Bay Lightning,TBL,https://assets.nhle.com/mugs/nhl/20252026/TBL/8482929.png
8474151,Ryan McDonagh,D,27,Tampa Bay Lightning,TBL,https://assets.nhle.com/mugs/nhl/20252026/TBL/8474151.png
8482655,J.J. Moser,D,90,Tampa Bay Lightning,TBL,https://assets.nhle.com/mugs/nhl/20252026/TBL/8482655.png
8478178,Darren Raddysh,D,43,Tampa Bay Lightning,TBL,https://assets.nhle.com/mugs/nhl/20252026/TBL/8478178.png
8477992,Jonas Johansson,G,31,Tampa Bay Lightning,TBL,https://assets.nhle.com/mugs/nhl/20252026/TBL/8477992.png
8476883,Andrei Vasilevskiy,G,88,Tampa Bay Lightning,TBL,https://assets.nhle.com/mugs/nhl/20252026/TBL/8476883.png
8479525,Ross Colton,C,20,Colorado Avalanche,COL,https://assets.nhle.com/mugs/nhl/20252026/COL/8479525.png
8480835,Jack Drury,C,18,Colorado Avalanche,COL,https://assets.nhle.com/mugs/nhl/20252026/COL/8480835.png
8480448,Parker Kelly,C,17,Colorado Avalanche,COL,https://assets.nhle.com/mugs/nhl/20252026/COL/8480448.png
8476455,Gabriel Landeskog,L,92,Colorado Avalanche,COL,https://assets.nhle.com/mugs/nhl/20252026/COL/8476455.png
8477476,Artturi Lehkonen,L,62,Colorado Avalanche,COL,https://assets.nhle.com/mugs/nhl/20252026/COL/8477476.png
8477492,Nathan MacKinnon,C,29,Colorado Avalanche,COL,https://assets.nhle.com/mugs/nhl/20252026/COL/8477492.png
8480039,Martin Necas,C,88,Colorado Avalanche,COL,https://assets.nhle.com/mugs/nhl/20252026/COL/8480039.png
8475754,Brock Nelson,C,11,Colorado Avalanche,COL,https://assets.nhle.com/mugs/nhl/20252026/COL/8475754.png
8477501,Valeri Nichushkin,R,13,Colorado Avalanche,COL,https://assets.nhle.com/mugs/nhl/20252026/COL/8477501.png
8481186,Logan O'Connor,R,25,Colorado Avalanche,COL,https://assets.nhle.com/mugs/nhl/20252026/COL/8481186.png
8470613,Brent Burns,D,N/A,Colorado Avalanche,COL,https://assets.nhle.com/mugs/nhl/20252026/COL/8470613.png
8479398,Samuel Girard,D,49,Colorado Avalanche,COL,https://assets.nhle.com/mugs/nhl/20252026/COL/8479398.png
8480069,Cale Makar,D,8,Colorado Avalanche,COL,https://assets.nhle.com/mugs/nhl/20252026/COL/8480069.png
8484258,Sam Malinski,D,70,Colorado Avalanche,COL,https://assets.nhle.com/mugs/nhl/20252026/COL/8484258.png
8476312,Josh Manson,D,42,Colorado Avalanche,COL,https://assets.nhle.com/mugs/nhl/20252026/COL/8476312.png
8479387,Keaton Middleton,D,67,Colorado Avalanche,COL,https://assets.nhle.com/mugs/nhl/20252026/COL/8479387.png
8478038,Devon Toews,D,7,Colorado Avalanche,COL,https://assets.nhle.com/mugs/nhl/20252026/COL/8478038.png
8478406,Mackenzie Blackwood,G,39,Colorado Avalanche,COL,https://assets.nhle.com/mugs/nhl/20252026/COL/8478406.png
8475809,Scott Wedgewood,G,41,Colorado Avalanche,COL,https://assets.nhle.com/mugs/nhl/20252026/COL/8475809.png
8477934,Leon Draisaitl,C,29,Edmonton Oilers,EDM,https://assets.nhle.com/mugs/nhl/20252026/EDM/8477934.png
8479365,Trent Frederic,C,10,Edmonton Oilers,EDM,https://assets.nhle.com/mugs/nhl/20252026/EDM/8479365.png
8480468,James Hamblin,L,52,Edmonton Oilers,EDM,https://assets.nhle.com/mugs/nhl/20252026/EDM/8480468.png
8474641,Adam Henrique,C,19,Edmonton Oilers,EDM,https://assets.nhle.com/mugs/nhl/20252026/EDM/8474641.png
8483455,Isaac Howard,L,53,Edmonton Oilers,EDM,https://assets.nhle.com/mugs/nhl/20252026/EDM/8483455.png
8475786,Zach Hyman,L,18,Edmonton Oilers,EDM,https://assets.nhle.com/mugs/nhl/20252026/EDM/8475786.png
8477406,Mattias Janmark,C,13,Edmonton Oilers,EDM,https://assets.nhle.com/mugs/nhl/20252026/EDM/8477406.png
8479368,Max Jones,L,46,Edmonton Oilers,EDM,https://assets.nhle.com/mugs/nhl/20252026/EDM/8479368.png
8477953,Kasperi Kapanen,R,42,Edmonton Oilers,EDM,https://assets.nhle.com/mugs/nhl/20252026/EDM/8477953.png
8477508,Curtis Lazar,C,20,Edmonton Oilers,EDM,https://assets.nhle.com/mugs/nhl/20252026/EDM/8477508.png
8478233,Andrew Mangiapane,L,88,Edmonton Oilers,EDM,https://assets.nhle.com/mugs/nhl/20252026/EDM/8478233.png
8478402,Connor McDavid,C,97,Edmonton Oilers,EDM,https://assets.nhle.com/mugs/nhl/20252026/EDM/8478402.png
8476454,Ryan Nugent-Hopkins,C,93,Edmonton Oilers,EDM,https://assets.nhle.com/mugs/nhl/20252026/EDM/8476454.png
8481491,Noah Philp,C,48,Edmonton Oilers,EDM,https://assets.nhle.com/mugs/nhl/20252026/EDM/8481491.png
8481617,Vasily Podkolzin,R,92,Edmonton Oilers,EDM,https://assets.nhle.com/mugs/nhl/20252026/EDM/8481617.png
8483512,Matt Savoie,C,22,Edmonton Oilers,EDM,https://assets.nhle.com/mugs/nhl/20252026/EDM/8483512.png
8480803,Evan Bouchard,D,2,Edmonton Oilers,EDM,https://assets.nhle.com/mugs/nhl/20252026/EDM/8480803.png
8477384,Joshua Brown,D,44,Edmonton Oilers,EDM,https://assets.nhle.com/mugs/nhl/20252026/EDM/8477384.png
8479341,Cam Dineen,D,85,Edmonton Oilers,EDM,https://assets.nhle.com/mugs/nhl/20252026/EDM/8479341.png
8475218,Mattias Ekholm,D,14,Edmonton Oilers,EDM,https://assets.nhle.com/mugs/nhl/20252026/EDM/8475218.png
8480834,Ty Emberson,D,49,Edmonton Oilers,EDM,https://assets.nhle.com/mugs/nhl/20252026/EDM/8480834.png
8476967,Brett Kulak,D,27,Edmonton Oilers,EDM,https://assets.nhle.com/mugs/nhl/20252026/EDM/8476967.png
8477498,Darnell Nurse,D,25,Edmonton Oilers,EDM,https://assets.nhle.com/mugs/nhl/20252026/EDM/8477498.png
8479442,Troy Stecher,D,51,Edmonton Oilers,EDM,https://assets.nhle.com/mugs/nhl/20252026/EDM/8479442.png
8478013,Jake Walman,D,96,Edmonton Oilers,EDM,https://assets.nhle.com/mugs/nhl/20252026/EDM/8478013.png
8475717,Calvin Pickard,G,30,Edmonton Oilers,EDM,https://assets.nhle.com/mugs/nhl/20252026/EDM/8475717.png
8479973,Stuart Skinner,G,74,Edmonton Oilers,EDM,https://assets.nhle.com/mugs/nhl/20252026/EDM/8479973.png
8478427,Sebastian Aho,C,20,Carolina Hurricanes,CAR,https://assets.nhle.com/mugs/nhl/20252026/CAR/8478427.png
8482809,Jackson Blake,R,53,Carolina Hurricanes,CAR,https://assets.nhle.com/mugs/nhl/20252026/CAR/8482809.png
8477478,William Carrier,L,28,Carolina Hurricanes,CAR,https://assets.nhle.com/mugs/nhl/20252026/CAR/8477478.png
8477940,Nikolaj Ehlers,L,27,Carolina Hurricanes,CAR,https://assets.nhle.com/mugs/nhl/20252026/CAR/8477940.png
8475791,Taylor Hall,L,71,Carolina Hurricanes,CAR,https://assets.nhle.com/mugs/nhl/20252026/CAR/8475791.png
8484929,Juha Jaaska,L,54,Carolina Hurricanes,CAR,https://assets.nhle.com/mugs/nhl/20252026/CAR/8484929.png
8476873,Mark Jankowski,C,77,Carolina Hurricanes,CAR,https://assets.nhle.com/mugs/nhl/20252026/CAR/8476873.png
8482093,Seth Jarvis,C,24,Carolina Hurricanes,CAR,https://assets.nhle.com/mugs/nhl/20252026/CAR/8482093.png
8479370,Tyson Jost,C,27,Carolina Hurricanes,CAR,https://assets.nhle.com/mugs/nhl/20252026/CAR/8479370.png
8480829,Jesperi Kotkaniemi,C,82,Carolina Hurricanes,CAR,https://assets.nhle.com/mugs/nhl/20252026/CAR/8480829.png
8476921,Jordan Martinook,L,48,Carolina Hurricanes,CAR,https://assets.nhle.com/mugs/nhl/20252026/CAR/8476921.png
8480762,Eric Robinson,L,50,Carolina Hurricanes,CAR,https://assets.nhle.com/mugs/nhl/20252026/CAR/8480762.png
8473533,Jordan Staal,C,11,Carolina Hurricanes,CAR,https://assets.nhle.com/mugs/nhl/20252026/CAR/8473533.png
8482702,Logan Stankoven,C,22,Carolina Hurricanes,CAR,https://assets.nhle.com/mugs/nhl/20252026/CAR/8482702.png
8480830,Andrei Svechnikov,R,37,Carolina Hurricanes,CAR,https://assets.nhle.com/mugs/nhl/20252026/CAR/8480830.png
8478970,Jalen Chatfield,D,5,Carolina Hurricanes,CAR,https://assets.nhle.com/mugs/nhl/20252026/CAR/8478970.png
8476906,Shayne Gostisbehere,D,4,Carolina Hurricanes,CAR,https://assets.nhle.com/mugs/nhl/20252026/CAR/8476906.png
8480817,K'Andre Miller,D,19,Carolina Hurricanes,CAR,https://assets.nhle.com/mugs/nhl/20252026/CAR/8480817.png
8482100,Alexander Nikishin,D,21,Carolina Hurricanes,CAR,https://assets.nhle.com/mugs/nhl/20252026/CAR/8482100.png
8476422,Mike Reilly,D,N/A,Carolina Hurricanes,CAR,https://assets.nhle.com/mugs/nhl/20252026/CAR/8476422.png
8476958,Jaccob Slavin,D,74,Carolina Hurricanes,CAR,https://assets.nhle.com/mugs/nhl/20252026/CAR/8476958.png
8480336,Sean Walker,D,26,Carolina Hurricanes,CAR,https://assets.nhle.com/mugs/nhl/20252026/CAR/8480336.png
8475883,Frederik Andersen,G,31,Carolina Hurricanes,CAR,https://assets.nhle.com/mugs/nhl/20252026/CAR/8475883.png
8484440,Ruslan Khazheyev,G,80,Carolina Hurricanes,CAR,https://assets.nhle.com/mugs/nhl/20252026/CAR/8484440.png
8481611,Pyotr Kochetkov,G,52,Carolina Hurricanes,CAR,https://assets.nhle.com/mugs/nhl/20252026/CAR/8481611.png
8482895,Nikita Quapp,G,N/A,Carolina Hurricanes,CAR,https://assets.nhle.com/mugs/nhl/20252026/CAR/8482895.png
8477493,Aleksander Barkov,C,16,Florida Panthers,FLA,https://assets.nhle.com/mugs/nhl/20252026/FLA/8477493.png
8477935,Sam Bennett,C,9,Florida Panthers,FLA,https://assets.nhle.com/mugs/nhl/20252026/FLA/8477935.png
8480003,Jesper Boqvist,C,70,Florida Panthers,FLA,https://assets.nhle.com/mugs/nhl/20252026/FLA/8480003.png
8481518,Nolan Foote,L,N/A,Florida Panthers,FLA,https://assets.nhle.com/mugs/nhl/20252026/FLA/8481518.png
8479981,Jonah Gadjovich,L,12,Florida Panthers,FLA,https://assets.nhle.com/mugs/nhl/20252026/FLA/8479981.png
8478421,A.J. Greer,L,10,Florida Panthers,FLA,https://assets.nhle.com/mugs/nhl/20252026/FLA/8478421.png
8482113,Anton Lundell,C,15,Florida Panthers,FLA,https://assets.nhle.com/mugs/nhl/20252026/FLA/8482113.png
8480185,Eetu Luostarinen,C,27,Florida Panthers,FLA,https://assets.nhle.com/mugs/nhl/20252026/FLA/8480185.png
8473419,Brad Marchand,C,63,Florida Panthers,FLA,https://assets.nhle.com/mugs/nhl/20252026/FLA/8473419.png
8477931,Tomas Nosek,L,92,Florida Panthers,FLA,https://assets.nhle.com/mugs/nhl/20252026/FLA/8477931.png
8477933,Sam Reinhart,C,13,Florida Panthers,FLA,https://assets.nhle.com/mugs/nhl/20252026/FLA/8477933.png
8478542,Evan Rodrigues,C,17,Florida Panthers,FLA,https://assets.nhle.com/mugs/nhl/20252026/FLA/8478542.png
8482713,Mackie Samoskevich,R,25,Florida Panthers,FLA,https://assets.nhle.com/mugs/nhl/20252026/FLA/8482713.png
8480021,Jack Studnicka,C,N/A,Florida Panthers,FLA,https://assets.nhle.com/mugs/nhl/20252026/FLA/8480021.png
8479314,Matthew Tkachuk,L,19,Florida Panthers,FLA,https://assets.nhle.com/mugs/nhl/20252026/FLA/8479314.png
8477409,Carter Verhaeghe,C,23,Florida Panthers,FLA,https://assets.nhle.com/mugs/nhl/20252026/FLA/8477409.png
8484304,Uvis Balinskis,D,26,Florida Panthers,FLA,https://assets.nhle.com/mugs/nhl/20252026/FLA/8484304.png
8481600,Tobias Bjornfot,D,2,Florida Panthers,FLA,https://assets.nhle.com/mugs/nhl/20252026/FLA/8481600.png
8477932,Aaron Ekblad,D,5,Florida Panthers,FLA,https://assets.nhle.com/mugs/nhl/20252026/FLA/8477932.png
8478055,Gustav Forsling,D,42,Florida Panthers,FLA,https://assets.nhle.com/mugs/nhl/20252026/FLA/8478055.png
8477495,Seth Jones,D,3,Florida Panthers,FLA,https://assets.nhle.com/mugs/nhl/20252026/FLA/8477495.png
8475179,Dmitry Kulikov,D,7,Florida Panthers,FLA,https://assets.nhle.com/mugs/nhl/20252026/FLA/8475179.png
8478859,Niko Mikkola,D,77,Florida Panthers,FLA,https://assets.nhle.com/mugs/nhl/20252026/FLA/8478859.png
8473507,Jeff Petry,D,N/A,Florida Panthers,FLA,https://assets.nhle.com/mugs/nhl/20252026/FLA/8473507.png
8475683,Sergei Bobrovsky,G,72,Florida Panthers,FLA,https://assets.nhle.com/mugs/nhl/20252026/FLA/8475683.png
8480193,Daniil Tarasov,G,N/A,Florida Panthers,FLA,https://assets.nhle.com/mugs/nhl/20252026/FLA/8480193.png
8478020,Michael Amadio,R,22,Ottawa Senators,OTT,https://assets.nhle.com/mugs/nhl/20252026/OTT/8478020.png
8480208,Drake Batherson,R,19,Ottawa Senators,OTT,https://assets.nhle.com/mugs/nhl/20252026/OTT/8480208.png
8483579,Wyatt Bongiovanni,L,49,Ottawa Senators,OTT,https://assets.nhle.com/mugs/nhl/20252026/OTT/8483579.png
8482674,Tyler Boucher,R,54,Ottawa Senators,OTT,https://assets.nhle.com/mugs/nhl/20252026/OTT/8482674.png
8476393,Nick Cousins,C,21,Ottawa Senators,OTT,https://assets.nhle.com/mugs/nhl/20252026/OTT/8476393.png
8481528,Dylan Cozens,C,24,Ottawa Senators,OTT,https://assets.nhle.com/mugs/nhl/20252026/OTT/8481528.png
8474189,Lars Eller,C,N/A,Ottawa Senators,OTT,https://assets.nhle.com/mugs/nhl/20252026/OTT/8474189.png
8473512,Claude Giroux,R,28,Ottawa Senators,OTT,https://assets.nhle.com/mugs/nhl/20252026/OTT/8473512.png
8482092,Ridly Greig,C,71,Ottawa Senators,OTT,https://assets.nhle.com/mugs/nhl/20252026/OTT/8482092.png
8483676,Stephen Halliday,C,83,Ottawa Senators,OTT,https://assets.nhle.com/mugs/nhl/20252026/OTT/8483676.png
8478173,Hayden Hodgson,R,42,Ottawa Senators,OTT,https://assets.nhle.com/mugs/nhl/20252026/OTT/8478173.png
8480890,Jan Jenik,C,14,Ottawa Senators,OTT,https://assets.nhle.com/mugs/nhl/20252026/OTT/8480890.png
8481560,Arthur Kaliyev,R,N/A,Ottawa Senators,OTT,https://assets.nhle.com/mugs/nhl/20252026/OTT/8481560.png
8479772,Zack MacEwen,R,17,Ottawa Senators,OTT,https://assets.nhle.com/mugs/nhl/20252026/OTT/8479772.png
8474102,David Perron,L,57,Ottawa Senators,OTT,https://assets.nhle.com/mugs/nhl/20252026/OTT/8474102.png
8479516,Garrett Pilon,C,45,Ottawa Senators,OTT,https://assets.nhle.com/mugs/nhl/20252026/OTT/8479516.png
8481596,Shane Pinto,C,12,Ottawa Senators,OTT,https://assets.nhle.com/mugs/nhl/20252026/OTT/8481596.png
8482116,Tim Stützle,C,18,Ottawa Senators,OTT,https://assets.nhle.com/mugs/nhl/20252026/OTT/8482116.png
8480801,Brady Tkachuk,L,7,Ottawa Senators,OTT,https://assets.nhle.com/mugs/nhl/20252026/OTT/8480801.png
8480188,Fabian Zetterlund,L,20,Ottawa Senators,OTT,https://assets.nhle.com/mugs/nhl/20252026/OTT/8480188.png
8478469,Thomas Chabot,D,72,Ottawa Senators,OTT,https://assets.nhle.com/mugs/nhl/20252026/OTT/8478469.png
8483683,Tomas Hamara,D,98,Ottawa Senators,OTT,https://assets.nhle.com/mugs/nhl/20252026/OTT/8483683.png
8475324,Nick Jensen,D,3,Ottawa Senators,OTT,https://assets.nhle.com/mugs/nhl/20252026/OTT/8475324.png
8482095,Tyler Kleven,D,43,Ottawa Senators,OTT,https://assets.nhle.com/mugs/nhl/20252026/OTT/8482095.png
8484321,Nikolas Matinpalo,D,33,Ottawa Senators,OTT,https://assets.nhle.com/mugs/nhl/20252026/OTT/8484321.png
8482105,Jake Sanderson,D,85,Ottawa Senators,OTT,https://assets.nhle.com/mugs/nhl/20252026/OTT/8482105.png
8482131,Donovan Sebrango,D,37,Ottawa Senators,OTT,https://assets.nhle.com/mugs/nhl/20252026/OTT/8482131.png
8481606,Jordan Spence,D,N/A,Ottawa Senators,OTT,https://assets.nhle.com/mugs/nhl/20252026/OTT/8481606.png
8484759,Carter Yakemchuk,D,58,Ottawa Senators,OTT,https://assets.nhle.com/mugs/nhl/20252026/OTT/8484759.png
8482245,Artem Zub,D,2,Ottawa Senators,OTT,https://assets.nhle.com/mugs/nhl/20252026/OTT/8482245.png
8482447,Leevi Meriläinen,G,1,Ottawa Senators,OTT,https://assets.nhle.com/mugs/nhl/20252026/OTT/8482447.png
8481544,Mads Sogaard,G,40,Ottawa Senators,OTT,https://assets.nhle.com/mugs/nhl/20252026/OTT/8481544.png
8476999,Linus Ullmark,G,35,Ottawa Senators,OTT,https://assets.nhle.com/mugs/nhl/20252026/OTT/8476999.png
8477979,Nicolas Aube-Kubel,R,N/A,Minnesota Wild,MIN,https://assets.nhle.com/mugs/nhl/20252026/MIN/8477979.png
8481557,Matt Boldy,L,12,Minnesota Wild,MIN,https://assets.nhle.com/mugs/nhl/20252026/MIN/8481557.png
8478493,Joel Eriksson Ek,C,14,Minnesota Wild,MIN,https://assets.nhle.com/mugs/nhl/20252026/MIN/8478493.png
8475220,Marcus Foligno,L,17,Minnesota Wild,MIN,https://assets.nhle.com/mugs/nhl/20252026/MIN/8475220.png
8483452,Hunter Haight,C,43,Minnesota Wild,MIN,https://assets.nhle.com/mugs/nhl/20252026/MIN/8483452.png
8477451,Ryan Hartman,R,38,Minnesota Wild,MIN,https://assets.nhle.com/mugs/nhl/20252026/MIN/8477451.png
8476994,Vinnie Hinostroza,C,18,Minnesota Wild,MIN,https://assets.nhle.com/mugs/nhl/20252026/MIN/8476994.png
8475149,Marcus Johansson,L,90,Minnesota Wild,MIN,https://assets.nhle.com/mugs/nhl/20252026/MIN/8475149.png
8480259,Ben Jones,C,39,Minnesota Wild,MIN,https://assets.nhle.com/mugs/nhl/20252026/MIN/8480259.png
8478864,Kirill Kaprizov,L,97,Minnesota Wild,MIN,https://assets.nhle.com/mugs/nhl/20252026/MIN/8478864.png
8483499,Liam Ohgren,L,28,Minnesota Wild,MIN,https://assets.nhle.com/mugs/nhl/20252026/MIN/8483499.png
8482079,Marco Rossi,C,23,Minnesota Wild,MIN,https://assets.nhle.com/mugs/nhl/20252026/MIN/8482079.png
8481477,Nico Sturm,C,7,Minnesota Wild,MIN,https://assets.nhle.com/mugs/nhl/20252026/MIN/8481477.png
8475765,Vladimir Tarasenko,R,91,Minnesota Wild,MIN,https://assets.nhle.com/mugs/nhl/20252026/MIN/8475765.png
8478508,Yakov Trenin,C,13,Minnesota Wild,MIN,https://assets.nhle.com/mugs/nhl/20252026/MIN/8478508.png
8475692,Mats Zuccarello,R,36,Minnesota Wild,MIN,https://assets.nhle.com/mugs/nhl/20252026/MIN/8475692.png
8474567,Zach Bogosian,D,24,Minnesota Wild,MIN,https://assets.nhle.com/mugs/nhl/20252026/MIN/8474567.png
8476463,Jonas Brodin,D,25,Minnesota Wild,MIN,https://assets.nhle.com/mugs/nhl/20252026/MIN/8476463.png
8484798,Zeev Buium,D,8,Minnesota Wild,MIN,https://assets.nhle.com/mugs/nhl/20252026/MIN/8484798.png
8482122,Brock Faber,D,7,Minnesota Wild,MIN,https://assets.nhle.com/mugs/nhl/20252026/MIN/8482122.png
8482781,Carson Lambos,D,71,Minnesota Wild,MIN,https://assets.nhle.com/mugs/nhl/20252026/MIN/8482781.png
8478136,Jake Middleton,D,5,Minnesota Wild,MIN,https://assets.nhle.com/mugs/nhl/20252026/MIN/8478136.png
8474716,Jared Spurgeon,D,46,Minnesota Wild,MIN,https://assets.nhle.com/mugs/nhl/20252026/MIN/8474716.png
8479406,Filip Gustavsson,G,32,Minnesota Wild,MIN,https://assets.nhle.com/mugs/nhl/20252026/MIN/8479406.png
8482661,Jesper Wallstedt,G,30,Minnesota Wild,MIN,https://assets.nhle.com/mugs/nhl/20252026/MIN/8482661.png
8475760,Nick Bjugstad,C,N/A,St. Louis Blues,STL,https://assets.nhle.com/mugs/nhl/20252026/STL/8475760.png
8477402,Pavel Buchnevich,L,89,St. Louis Blues,STL,https://assets.nhle.com/mugs/nhl/20252026/STL/8477402.png
8482077,Dylan Holloway,L,81,St. Louis Blues,STL,https://assets.nhle.com/mugs/nhl/20252026/STL/8482077.png
8478472,Mathieu Joseph,R,71,St. Louis Blues,STL,https://assets.nhle.com/mugs/nhl/20252026/STL/8478472.png
8479385,Jordan Kyrou,R,25,St. Louis Blues,STL,https://assets.nhle.com/mugs/nhl/20252026/STL/8479385.png
8482089,Jake Neighbours,L,63,St. Louis Blues,STL,https://assets.nhle.com/mugs/nhl/20252026/STL/8482089.png
8475170,Brayden Schenn,C,10,St. Louis Blues,STL,https://assets.nhle.com/mugs/nhl/20252026/STL/8475170.png
8483516,Jimmy Snuggerud,R,21,St. Louis Blues,STL,https://assets.nhle.com/mugs/nhl/20252026/STL/8483516.png
8476897,Oskar Sundqvist,C,70,St. Louis Blues,STL,https://assets.nhle.com/mugs/nhl/20252026/STL/8476897.png
8480459,Pius Suter,C,N/A,St. Louis Blues,STL,https://assets.nhle.com/mugs/nhl/20252026/STL/8480459.png
8480074,Alexandre Texier,L,9,St. Louis Blues,STL,https://assets.nhle.com/mugs/nhl/20252026/STL/8480074.png
8480023,Robert Thomas,C,18,St. Louis Blues,STL,https://assets.nhle.com/mugs/nhl/20252026/STL/8480023.png
8480281,Alexey Toropchenko,R,13,St. Louis Blues,STL,https://assets.nhle.com/mugs/nhl/20252026/STL/8480281.png
8477573,Nathan Walker,L,26,St. Louis Blues,STL,https://assets.nhle.com/mugs/nhl/20252026/STL/8477573.png
8481598,Philip Broberg,D,6,St. Louis Blues,STL,https://assets.nhle.com/mugs/nhl/20252026/STL/8481598.png
8475753,Justin Faulk,D,72,St. Louis Blues,STL,https://assets.nhle.com/mugs/nhl/20252026/STL/8475753.png
8475764,Cam Fowler,D,17,St. Louis Blues,STL,https://assets.nhle.com/mugs/nhl/20252026/STL/8475764.png
8482516,Matthew Kessel,D,51,St. Louis Blues,STL,https://assets.nhle.com/mugs/nhl/20252026/STL/8482516.png
8482733,Logan Mailloux,D,N/A,St. Louis Blues,STL,https://assets.nhle.com/mugs/nhl/20252026/STL/8482733.png
8476892,Colton Parayko,D,55,St. Louis Blues,STL,https://assets.nhle.com/mugs/nhl/20252026/STL/8476892.png
8481006,Tyler Tucker,D,75,St. Louis Blues,STL,https://assets.nhle.com/mugs/nhl/20252026/STL/8481006.png
8476412,Jordan Binnington,G,50,St. Louis Blues,STL,https://assets.nhle.com/mugs/nhl/20252026/STL/8476412.png
8480981,Joel Hofer,G,30,St. Louis Blues,STL,https://assets.nhle.com/mugs/nhl/20252026/STL/8480981.png
8474150,Mikael Backlund,C,11,Calgary Flames,CGY,https://assets.nhle.com/mugs/nhl/20252026/CGY/8474150.png
8476399,Blake Coleman,L,20,Calgary Flames,CGY,https://assets.nhle.com/mugs/nhl/20252026/CGY/8476399.png
8482679,Matt Coronato,R,27,Calgary Flames,CGY,https://assets.nhle.com/mugs/nhl/20252026/CGY/8482679.png
8480797,Joel Farabee,L,86,Calgary Flames,CGY,https://assets.nhle.com/mugs/nhl/20252026/CGY/8480797.png
8480028,Morgan Frost,C,16,Calgary Flames,CGY,https://assets.nhle.com/mugs/nhl/20252026/CGY/8480028.png
8476456,Jonathan Huberdeau,L,10,Calgary Flames,CGY,https://assets.nhle.com/mugs/nhl/20252026/CGY/8476456.png
8475172,Nazem Kadri,C,91,Calgary Flames,CGY,https://assets.nhle.com/mugs/nhl/20252026/CGY/8475172.png
8477993,Justin Kirkland,C,58,Calgary Flames,CGY,https://assets.nhle.com/mugs/nhl/20252026/CGY/8477993.png
8479066,Ryan Lomberg,L,70,Calgary Flames,CGY,https://assets.nhle.com/mugs/nhl/20252026/CGY/8479066.png
8481028,Martin Pospisil,C,76,Calgary Flames,CGY,https://assets.nhle.com/mugs/nhl/20252026/CGY/8481028.png
8481068,Yegor Sharangovich,C,17,Calgary Flames,CGY,https://assets.nhle.com/mugs/nhl/20252026/CGY/8481068.png
8484234,Aydar Suniev,L,36,Calgary Flames,CGY,https://assets.nhle.com/mugs/nhl/20252026/CGY/8484234.png
8482074,Connor Zary,C,47,Calgary Flames,CGY,https://assets.nhle.com/mugs/nhl/20252026/CGY/8482074.png
8478397,Rasmus Andersson,D,4,Calgary Flames,CGY,https://assets.nhle.com/mugs/nhl/20252026/CGY/8478397.png
8480860,Kevin Bahl,D,7,Calgary Flames,CGY,https://assets.nhle.com/mugs/nhl/20252026/CGY/8480860.png
8479402,Jake Bean,D,24,Calgary Flames,CGY,https://assets.nhle.com/mugs/nhl/20252026/CGY/8479402.png
8482824,Nick Cicek,D,N/A,Calgary Flames,CGY,https://assets.nhle.com/mugs/nhl/20252026/CGY/8482824.png
8477810,Joel Hanley,D,44,Calgary Flames,CGY,https://assets.nhle.com/mugs/nhl/20252026/CGY/8477810.png
8482624,Daniil Miromanov,D,62,Calgary Flames,CGY,https://assets.nhle.com/mugs/nhl/20252026/CGY/8482624.png
8481167,Brayden Pachal,D,94,Calgary Flames,CGY,https://assets.nhle.com/mugs/nhl/20252026/CGY/8481167.png
8484768,Zayne Parekh,D,89,Calgary Flames,CGY,https://assets.nhle.com/mugs/nhl/20252026/CGY/8484768.png
8482470,Ilya Solovyov,D,98,Calgary Flames,CGY,https://assets.nhle.com/mugs/nhl/20252026/CGY/8482470.png
8477346,MacKenzie Weegar,D,52,Calgary Flames,CGY,https://assets.nhle.com/mugs/nhl/20252026/CGY/8477346.png
8482445,Devin Cooley,G,1,Calgary Flames,CGY,https://assets.nhle.com/mugs/nhl/20252026/CGY/8482445.png
8481031,Ivan Prosvetov,G,N/A,Calgary Flames,CGY,https://assets.nhle.com/mugs/nhl/20252026/CGY/8481031.png
8481692,Dustin Wolf,G,32,Calgary Flames,CGY,https://assets.nhle.com/mugs/nhl/20252026/CGY/8481692.png
8479407,Jesper Bratt,L,63,New Jersey Devils,NJD,https://assets.nhle.com/mugs/nhl/20252026/NJD/8479407.png
8477015,Connor Brown,R,N/A,New Jersey Devils,NJD,https://assets.nhle.com/mugs/nhl/20252026/NJD/8477015.png
8481032,Paul Cotter,C,47,New Jersey Devils,NJD,https://assets.nhle.com/mugs/nhl/20252026/NJD/8481032.png
8481065,Angus Crookshank,L,N/A,New Jersey Devils,NJD,https://assets.nhle.com/mugs/nhl/20252026/NJD/8481065.png
8474149,Evgenii Dadonov,R,N/A,New Jersey Devils,NJD,https://assets.nhle.com/mugs/nhl/20252026/NJD/8474149.png
8479996,Cody Glass,C,12,New Jersey Devils,NJD,https://assets.nhle.com/mugs/nhl/20252026/NJD/8479996.png
8483531,Brian Halonen,L,48,New Jersey Devils,NJD,https://assets.nhle.com/mugs/nhl/20252026/NJD/8483531.png
8482635,Mike Hardman,L,39,New Jersey Devils,NJD,https://assets.nhle.com/mugs/nhl/20252026/NJD/8482635.png
8480002,Nico Hischier,C,13,New Jersey Devils,NJD,https://assets.nhle.com/mugs/nhl/20252026/NJD/8480002.png
8481559,Jack Hughes,C,86,New Jersey Devils,NJD,https://assets.nhle.com/mugs/nhl/20252026/NJD/8481559.png
8481594,Nathan Légaré,R,16,New Jersey Devils,NJD,https://assets.nhle.com/mugs/nhl/20252026/NJD/8481594.png
8477073,Kurtis MacDermid,L,23,New Jersey Devils,NJD,https://assets.nhle.com/mugs/nhl/20252026/NJD/8477073.png
8483397,Marc McLaughlin,C,21,New Jersey Devils,NJD,https://assets.nhle.com/mugs/nhl/20252026/NJD/8483397.png
8478414,Timo Meier,R,28,New Jersey Devils,NJD,https://assets.nhle.com/mugs/nhl/20252026/NJD/8478414.png
8482110,Dawson Mercer,C,91,New Jersey Devils,NJD,https://assets.nhle.com/mugs/nhl/20252026/NJD/8482110.png
8476474,Stefan Noesen,R,11,New Jersey Devils,NJD,https://assets.nhle.com/mugs/nhl/20252026/NJD/8476474.png
8476292,Ondrej Palat,L,18,New Jersey Devils,NJD,https://assets.nhle.com/mugs/nhl/20252026/NJD/8476292.png
8483429,Seamus Casey,D,24,New Jersey Devils,NJD,https://assets.nhle.com/mugs/nhl/20252026/NJD/8483429.png
8479395,Dennis Cholowski,D,44,New Jersey Devils,NJD,https://assets.nhle.com/mugs/nhl/20252026/NJD/8479395.png
8475455,Brenden Dillon,D,5,New Jersey Devils,NJD,https://assets.nhle.com/mugs/nhl/20252026/NJD/8475455.png
8476462,Dougie Hamilton,D,7,New Jersey Devils,NJD,https://assets.nhle.com/mugs/nhl/20252026/NJD/8476462.png
8482684,Luke Hughes,D,43,New Jersey Devils,NJD,https://assets.nhle.com/mugs/nhl/20252026/NJD/8482684.png
8480192,Johnathan Kovacevic,D,8,New Jersey Devils,NJD,https://assets.nhle.com/mugs/nhl/20252026/NJD/8480192.png
8483495,Simon Nemec,D,17,New Jersey Devils,NJD,https://assets.nhle.com/mugs/nhl/20252026/NJD/8483495.png
8477488,Brett Pesce,D,22,New Jersey Devils,NJD,https://assets.nhle.com/mugs/nhl/20252026/NJD/8477488.png
8478399,Jonas Siegenthaler,D,71,New Jersey Devils,NJD,https://assets.nhle.com/mugs/nhl/20252026/NJD/8478399.png
8482873,Topias Vilen,D,38,New Jersey Devils,NJD,https://assets.nhle.com/mugs/nhl/20252026/NJD/8482873.png
8478841,Colton White,D,45,New Jersey Devils,NJD,https://assets.nhle.com/mugs/nhl/20252026/NJD/8478841.png
8474596,Jake Allen,G,34,New Jersey Devils,NJD,https://assets.nhle.com/mugs/nhl/20252026/NJD/8474596.png
8482076,Nico Daws,G,50,New Jersey Devils,NJD,https://assets.nhle.com/mugs/nhl/20252026/NJD/8482076.png
8474593,Jacob Markstrom,G,25,New Jersey Devils,NJD,https://assets.nhle.com/mugs/nhl/20252026/NJD/8474593.png
8476981,Josh Anderson,R,17,Montréal Canadiens,MTL,https://assets.nhle.com/mugs/nhl/20252026/MTL/8476981.png
8482737,Zack Bolduc,R,76,Montréal Canadiens,MTL,https://assets.nhle.com/mugs/nhl/20252026/MTL/8482737.png
8481540,Cole Caufield,R,13,Montréal Canadiens,MTL,https://assets.nhle.com/mugs/nhl/20252026/MTL/8481540.png
8481523,Kirby Dach,C,77,Montréal Canadiens,MTL,https://assets.nhle.com/mugs/nhl/20252026/MTL/8481523.png
8484984,Ivan Demidov,R,93,Montréal Canadiens,MTL,https://assets.nhle.com/mugs/nhl/20252026/MTL/8484984.png
8478133,Jake Evans,C,71,Montréal Canadiens,MTL,https://assets.nhle.com/mugs/nhl/20252026/MTL/8478133.png
8475848,Brendan Gallagher,R,11,Montréal Canadiens,MTL,https://assets.nhle.com/mugs/nhl/20252026/MTL/8475848.png
8479339,Patrik Laine,R,92,Montréal Canadiens,MTL,https://assets.nhle.com/mugs/nhl/20252026/MTL/8479339.png
8481618,Alex Newhook,C,15,Montréal Canadiens,MTL,https://assets.nhle.com/mugs/nhl/20252026/MTL/8481618.png
8483515,Juraj Slafkovský,L,20,Montréal Canadiens,MTL,https://assets.nhle.com/mugs/nhl/20252026/MTL/8483515.png
8480018,Nick Suzuki,C,14,Montréal Canadiens,MTL,https://assets.nhle.com/mugs/nhl/20252026/MTL/8480018.png
8478851,Alexandre Carrier,D,45,Montréal Canadiens,MTL,https://assets.nhle.com/mugs/nhl/20252026/MTL/8478851.png
8480865,Noah Dobson,D,53,Montréal Canadiens,MTL,https://assets.nhle.com/mugs/nhl/20252026/MTL/8480865.png
8482087,Kaiden Guhle,D,21,Montréal Canadiens,MTL,https://assets.nhle.com/mugs/nhl/20252026/MTL/8482087.png
8483457,Lane Hutson,D,48,Montréal Canadiens,MTL,https://assets.nhle.com/mugs/nhl/20252026/MTL/8483457.png
8476875,Mike Matheson,D,8,Montréal Canadiens,MTL,https://assets.nhle.com/mugs/nhl/20252026/MTL/8476875.png
8481593,Jayden Struble,D,47,Montréal Canadiens,MTL,https://assets.nhle.com/mugs/nhl/20252026/MTL/8481593.png
8482964,Arber Xhekaj,D,72,Montréal Canadiens,MTL,https://assets.nhle.com/mugs/nhl/20252026/MTL/8482964.png
8482487,Jakub Dobes,G,75,Montréal Canadiens,MTL,https://assets.nhle.com/mugs/nhl/20252026/MTL/8482487.png
8478470,Sam Montembeault,G,35,Montréal Canadiens,MTL,https://assets.nhle.com/mugs/nhl/20252026/MTL/8478470.png
8482496,Nils Aman,C,88,Vancouver Canucks,VAN,https://assets.nhle.com/mugs/nhl/20252026/VAN/8482496.png
8476927,Teddy Blueger,C,53,Vancouver Canucks,VAN,https://assets.nhle.com/mugs/nhl/20252026/VAN/8476927.png
8478444,Brock Boeser,R,6,Vancouver Canucks,VAN,https://assets.nhle.com/mugs/nhl/20252026/VAN/8478444.png
8480078,Filip Chytil,C,72,Vancouver Canucks,VAN,https://assets.nhle.com/mugs/nhl/20252026/VAN/8480078.png
8478498,Jake DeBrusk,L,74,Vancouver Canucks,VAN,https://assets.nhle.com/mugs/nhl/20252026/VAN/8478498.png
8478856,Conor Garland,R,8,Vancouver Canucks,VAN,https://assets.nhle.com/mugs/nhl/20252026/VAN/8478856.png
8481535,Nils Hoglander,L,21,Vancouver Canucks,VAN,https://assets.nhle.com/mugs/nhl/20252026/VAN/8481535.png
8475169,Evander Kane,L,N/A,Vancouver Canucks,VAN,https://assets.nhle.com/mugs/nhl/20252026/VAN/8475169.png
8482055,Drew O'Connor,L,18,Vancouver Canucks,VAN,https://assets.nhle.com/mugs/nhl/20252026/VAN/8482055.png
8480012,Elias Pettersson,C,40,Vancouver Canucks,VAN,https://assets.nhle.com/mugs/nhl/20252026/VAN/8480012.png
8480748,Kiefer Sherwood,L,44,Vancouver Canucks,VAN,https://assets.nhle.com/mugs/nhl/20252026/VAN/8480748.png
8475762,Derek Forbort,D,27,Vancouver Canucks,VAN,https://assets.nhle.com/mugs/nhl/20252026/VAN/8475762.png
8479425,Filip Hronek,D,17,Vancouver Canucks,VAN,https://assets.nhle.com/mugs/nhl/20252026/VAN/8479425.png
8480800,Quinn Hughes,D,43,Vancouver Canucks,VAN,https://assets.nhle.com/mugs/nhl/20252026/VAN/8480800.png
8480058,P.O Joseph,D,N/A,Vancouver Canucks,VAN,https://assets.nhle.com/mugs/nhl/20252026/VAN/8480058.png
8474574,Tyler Myers,D,57,Vancouver Canucks,VAN,https://assets.nhle.com/mugs/nhl/20252026/VAN/8474574.png
8483678,Elias Pettersson,D,25,Vancouver Canucks,VAN,https://assets.nhle.com/mugs/nhl/20252026/VAN/8483678.png
8477969,Marcus Pettersson,D,29,Vancouver Canucks,VAN,https://assets.nhle.com/mugs/nhl/20252026/VAN/8477969.png
8477967,Thatcher Demko,G,35,Vancouver Canucks,VAN,https://assets.nhle.com/mugs/nhl/20252026/VAN/8477967.png
8480947,Kevin Lankinen,G,32,Vancouver Canucks,VAN,https://assets.nhle.com/mugs/nhl/20252026/VAN/8480947.png
8479619,Michael Carcone,L,N/A,Utah Hockey Club,UTA,https://assets.nhle.com/mugs/nhl/20252026/UTA/8479619.png
8483431,Logan Cooley,C,N/A,Utah Hockey Club,UTA,https://assets.nhle.com/mugs/nhl/20252026/UTA/8483431.png
8478474,Lawson Crouse,L,N/A,Utah Hockey Club,UTA,https://assets.nhle.com/mugs/nhl/20252026/UTA/8478474.png
8482699,Dylan Guenther,R,N/A,Utah Hockey Club,UTA,https://assets.nhle.com/mugs/nhl/20252026/UTA/8482699.png
8480849,Barrett Hayton,C,N/A,Utah Hockey Club,UTA,https://assets.nhle.com/mugs/nhl/20252026/UTA/8480849.png
8479343,Clayton Keller,C,N/A,Utah Hockey Club,UTA,https://assets.nhle.com/mugs/nhl/20252026/UTA/8479343.png
8477021,Alexander Kerfoot,C,N/A,Utah Hockey Club,UTA,https://assets.nhle.com/mugs/nhl/20252026/UTA/8477021.png
8480855,Jack McBain,C,N/A,Utah Hockey Club,UTA,https://assets.nhle.com/mugs/nhl/20252026/UTA/8480855.png
8477070,Liam O'Brien,C,N/A,Utah Hockey Club,UTA,https://assets.nhle.com/mugs/nhl/20252026/UTA/8477070.png
8482175,JJ Peterka,R,N/A,Utah Hockey Club,UTA,https://assets.nhle.com/mugs/nhl/20252026/UTA/8482175.png
8477951,Nick Schmaltz,C,N/A,Utah Hockey Club,UTA,https://assets.nhle.com/mugs/nhl/20252026/UTA/8477951.png
8478831,Kevin Stenlund,C,N/A,Utah Hockey Club,UTA,https://assets.nhle.com/mugs/nhl/20252026/UTA/8478831.png
8479293,Brandon Tanev,L,N/A,Utah Hockey Club,UTA,https://assets.nhle.com/mugs/nhl/20252026/UTA/8479293.png
8474013,Ian Cole,D,N/A,Utah Hockey Club,UTA,https://assets.nhle.com/mugs/nhl/20252026/UTA/8474013.png
8480084,Nick DeSimone,D,N/A,Utah Hockey Club,UTA,https://assets.nhle.com/mugs/nhl/20252026/UTA/8480084.png
8480434,Sean Durzi,D,N/A,Utah Hockey Club,UTA,https://assets.nhle.com/mugs/nhl/20252026/UTA/8480434.png
8476874,Olli Määttä,D,2,Utah Hockey Club,UTA,https://assets.nhle.com/mugs/nhl/20252026/UTA/8476874.png
8478507,John Marino,D,N/A,Utah Hockey Club,UTA,https://assets.nhle.com/mugs/nhl/20252026/UTA/8478507.png
8481059,Scott Perunovich,D,N/A,Utah Hockey Club,UTA,https://assets.nhle.com/mugs/nhl/20252026/UTA/8481059.png
8477220,Nate Schmidt,D,N/A,Utah Hockey Club,UTA,https://assets.nhle.com/mugs/nhl/20252026/UTA/8477220.png
8479410,Mikhail Sergachev,D,N/A,Utah Hockey Club,UTA,https://assets.nhle.com/mugs/nhl/20252026/UTA/8479410.png
8477970,Vitek Vanecek,G,N/A,Utah Hockey Club,UTA,https://assets.nhle.com/mugs/nhl/20252026/UTA/8477970.png
8478872,Karel Vejmelka,G,N/A,Utah Hockey Club,UTA,https://assets.nhle.com/mugs/nhl/20252026/UTA/8478872.png
8479944,Zachary Aston-Reese,C,27,Columbus Blue Jackets,CBJ,https://assets.nhle.com/mugs/nhl/20252026/CBJ/8479944.png
8482475,Yegor Chinakhov,R,59,Columbus Blue Jackets,CBJ,https://assets.nhle.com/mugs/nhl/20252026/CBJ/8482475.png
8475745,Charlie Coyle,C,3,Columbus Blue Jackets,CBJ,https://assets.nhle.com/mugs/nhl/20252026/CBJ/8475745.png
8484166,Adam Fantilli,C,19,Columbus Blue Jackets,CBJ,https://assets.nhle.com/mugs/nhl/20252026/CBJ/8484166.png
8476867,Brendan Gaunce,C,16,Columbus Blue Jackets,CBJ,https://assets.nhle.com/mugs/nhl/20252026/CBJ/8476867.png
8476432,Boone Jenner,C,38,Columbus Blue Jackets,CBJ,https://assets.nhle.com/mugs/nhl/20252026/CBJ/8476432.png
8482660,Kent Johnson,C,91,Columbus Blue Jackets,CBJ,https://assets.nhle.com/mugs/nhl/20252026/CBJ/8482660.png
8480806,Isac Lundestrom,C,21,Columbus Blue Jackets,CBJ,https://assets.nhle.com/mugs/nhl/20252026/CBJ/8480806.png
8480893,Kirill Marchenko,R,86,Columbus Blue Jackets,CBJ,https://assets.nhle.com/mugs/nhl/20252026/CBJ/8480893.png
8477497,Sean Monahan,C,23,Columbus Blue Jackets,CBJ,https://assets.nhle.com/mugs/nhl/20252026/CBJ/8477497.png
8479671,Mathieu Olivier,R,24,Columbus Blue Jackets,CBJ,https://assets.nhle.com/mugs/nhl/20252026/CBJ/8479671.png
8482705,Cole Sillinger,C,4,Columbus Blue Jackets,CBJ,https://assets.nhle.com/mugs/nhl/20252026/CBJ/8482705.png
8481716,Dmitri Voronkov,L,10,Columbus Blue Jackets,CBJ,https://assets.nhle.com/mugs/nhl/20252026/CBJ/8481716.png
8485469,Jack Williams,R,29,Columbus Blue Jackets,CBJ,https://assets.nhle.com/mugs/nhl/20252026/CBJ/8485469.png
8477425,Miles Wood,L,11,Columbus Blue Jackets,CBJ,https://assets.nhle.com/mugs/nhl/20252026/CBJ/8477425.png
8481161,Jake Christiansen,D,2,Columbus Blue Jackets,CBJ,https://assets.nhle.com/mugs/nhl/20252026/CBJ/8481161.png
8479371,Dante Fabbro,D,15,Columbus Blue Jackets,CBJ,https://assets.nhle.com/mugs/nhl/20252026/CBJ/8479371.png
8475790,Erik Gudbranson,D,44,Columbus Blue Jackets,CBJ,https://assets.nhle.com/mugs/nhl/20252026/CBJ/8475790.png
8483485,Denton Mateychuk,D,5,Columbus Blue Jackets,CBJ,https://assets.nhle.com/mugs/nhl/20252026/CBJ/8483485.png
8478062,Dysin Mayo,D,N/A,Columbus Blue Jackets,CBJ,https://assets.nhle.com/mugs/nhl/20252026/CBJ/8478062.png
8478500,Ivan Provorov,D,9,Columbus Blue Jackets,CBJ,https://assets.nhle.com/mugs/nhl/20252026/CBJ/8478500.png
8476923,Damon Severson,D,78,Columbus Blue Jackets,CBJ,https://assets.nhle.com/mugs/nhl/20252026/CBJ/8476923.png
8478460,Zach Werenski,D,8,Columbus Blue Jackets,CBJ,https://assets.nhle.com/mugs/nhl/20252026/CBJ/8478460.png
8482982,Jet Greaves,G,73,Columbus Blue Jackets,CBJ,https://assets.nhle.com/mugs/nhl/20252026/CBJ/8482982.png
8478007,Elvis Merzlikins,G,90,Columbus Blue Jackets,CBJ,https://assets.nhle.com/mugs/nhl/20252026/CBJ/8478007.png
8478891,Mason Appleton,C,N/A,Detroit Red Wings,DET,https://assets.nhle.com/mugs/nhl/20252026/DET/8478891.png
8481013,Jonatan Berggren,R,48,Detroit Red Wings,DET,https://assets.nhle.com/mugs/nhl/20252026/DET/8481013.png
8477456,J.T. Compher,L,37,Detroit Red Wings,DET,https://assets.nhle.com/mugs/nhl/20252026/DET/8477456.png
8477429,Andrew Copp,C,18,Detroit Red Wings,DET,https://assets.nhle.com/mugs/nhl/20252026/DET/8477429.png
8479337,Alex DeBrincat,R,93,Detroit Red Wings,DET,https://assets.nhle.com/mugs/nhl/20252026/DET/8479337.png
8474141,Patrick Kane,R,88,Detroit Red Wings,DET,https://assets.nhle.com/mugs/nhl/20252026/DET/8474141.png
8483464,Marco Kasper,C,92,Detroit Red Wings,DET,https://assets.nhle.com/mugs/nhl/20252026/DET/8483464.png
8477946,Dylan Larkin,C,71,Detroit Red Wings,DET,https://assets.nhle.com/mugs/nhl/20252026/DET/8477946.png
8482802,Carter Mazur,L,43,Detroit Red Wings,DET,https://assets.nhle.com/mugs/nhl/20252026/DET/8482802.png
8479992,Michael Rasmussen,C,27,Detroit Red Wings,DET,https://assets.nhle.com/mugs/nhl/20252026/DET/8479992.png
8482078,Lucas Raymond,L,23,Detroit Red Wings,DET,https://assets.nhle.com/mugs/nhl/20252026/DET/8482078.png
8474037,James van Riemsdyk,L,N/A,Detroit Red Wings,DET,https://assets.nhle.com/mugs/nhl/20252026/DET/8474037.png
8480879,Jacob Bernard-Docker,D,N/A,Detroit Red Wings,DET,https://assets.nhle.com/mugs/nhl/20252026/DET/8480879.png
8475279,Ben Chiarot,D,8,Detroit Red Wings,DET,https://assets.nhle.com/mugs/nhl/20252026/DET/8475279.png
8482762,Simon Edvinsson,D,77,Detroit Red Wings,DET,https://assets.nhle.com/mugs/nhl/20252026/DET/8482762.png
8476979,Erik Gustafsson,D,56,Detroit Red Wings,DET,https://assets.nhle.com/mugs/nhl/20252026/DET/8476979.png
8475718,Justin Holl,D,3,Detroit Red Wings,DET,https://assets.nhle.com/mugs/nhl/20252026/DET/8475718.png
8481607,Albert Johansson,D,20,Detroit Red Wings,DET,https://assets.nhle.com/mugs/nhl/20252026/DET/8481607.png
8478021,William Lagesson,D,84,Detroit Red Wings,DET,https://assets.nhle.com/mugs/nhl/20252026/DET/8478021.png
8481542,Moritz Seider,D,53,Detroit Red Wings,DET,https://assets.nhle.com/mugs/nhl/20252026/DET/8481542.png
8476434,John Gibson,G,N/A,Detroit Red Wings,DET,https://assets.nhle.com/mugs/nhl/20252026/DET/8476434.png
8475660,Cam Talbot,G,39,Detroit Red Wings,DET,https://assets.nhle.com/mugs/nhl/20252026/DET/8475660.png
8482132,Brett Berard,L,65,New York Rangers,NYR,https://assets.nhle.com/mugs/nhl/20252026/NYR/8482132.png
8477380,Jonny Brodzinski,C,22,New York Rangers,NYR,https://assets.nhle.com/mugs/nhl/20252026/NYR/8477380.png
8475842,Sam Carrick,C,39,New York Rangers,NYR,https://assets.nhle.com/mugs/nhl/20252026/NYR/8475842.png
8482157,Will Cuylle,L,50,New York Rangers,NYR,https://assets.nhle.com/mugs/nhl/20252026/NYR/8482157.png
8475413,Justin Dowling,C,N/A,New York Rangers,NYR,https://assets.nhle.com/mugs/nhl/20252026/NYR/8475413.png
8481726,Adam Edstrom,C,84,New York Rangers,NYR,https://assets.nhle.com/mugs/nhl/20252026/NYR/8481726.png
8482109,Alexis Lafrenière,L,13,New York Rangers,NYR,https://assets.nhle.com/mugs/nhl/20252026/NYR/8482109.png
8476468,J.T. Miller,L,8,New York Rangers,NYR,https://assets.nhle.com/mugs/nhl/20252026/NYR/8476468.png
8482747,Brennan Othmann,L,78,New York Rangers,NYR,https://assets.nhle.com/mugs/nhl/20252026/NYR/8482747.png
8478550,Artemi Panarin,L,10,New York Rangers,NYR,https://assets.nhle.com/mugs/nhl/20252026/NYR/8478550.png
8481704,Juuso Parssinen,C,71,New York Rangers,NYR,https://assets.nhle.com/mugs/nhl/20252026/NYR/8481704.png
8484210,Gabe Perreault,R,94,New York Rangers,NYR,https://assets.nhle.com/mugs/nhl/20252026/NYR/8484210.png
8479390,Taylor Raddysh,R,N/A,New York Rangers,NYR,https://assets.nhle.com/mugs/nhl/20252026/NYR/8479390.png
8482460,Matt Rempe,C,73,New York Rangers,NYR,https://assets.nhle.com/mugs/nhl/20252026/NYR/8482460.png
8476389,Vincent Trocheck,C,16,New York Rangers,NYR,https://assets.nhle.com/mugs/nhl/20252026/NYR/8476389.png
8476459,Mika Zibanejad,C,93,New York Rangers,NYR,https://assets.nhle.com/mugs/nhl/20252026/NYR/8476459.png
8478840,Will Borgen,D,17,New York Rangers,NYR,https://assets.nhle.com/mugs/nhl/20252026/NYR/8478840.png
8479323,Adam Fox,D,23,New York Rangers,NYR,https://assets.nhle.com/mugs/nhl/20252026/NYR/8479323.png
8478882,Vladislav Gavrikov,D,N/A,New York Rangers,NYR,https://assets.nhle.com/mugs/nhl/20252026/NYR/8478882.png
8482666,Scott Morrow,D,N/A,New York Rangers,NYR,https://assets.nhle.com/mugs/nhl/20252026/NYR/8482666.png
8482073,Braden Schneider,D,4,New York Rangers,NYR,https://assets.nhle.com/mugs/nhl/20252026/NYR/8482073.png
8477369,Carson Soucy,D,24,New York Rangers,NYR,https://assets.nhle.com/mugs/nhl/20252026/NYR/8477369.png
8480001,Urho Vaakanainen,D,18,New York Rangers,NYR,https://assets.nhle.com/mugs/nhl/20252026/NYR/8480001.png
8471734,Jonathan Quick,G,32,New York Rangers,NYR,https://assets.nhle.com/mugs/nhl/20252026/NYR/8471734.png
8478048,Igor Shesterkin,G,31,New York Rangers,NYR,https://assets.nhle.com/mugs/nhl/20252026/NYR/8478048.png
8478445,Mathew Barzal,C,13,New York Islanders,NYI,https://assets.nhle.com/mugs/nhl/20252026/NYI/8478445.png
8475231,Casey Cizikas,C,53,New York Islanders,NYI,https://assets.nhle.com/mugs/nhl/20252026/NYI/8475231.png
8477494,Jonathan Drouin,L,N/A,New York Islanders,NYI,https://assets.nhle.com/mugs/nhl/20252026/NYI/8477494.png
8477407,Anthony Duclair,L,11,New York Islanders,NYI,https://assets.nhle.com/mugs/nhl/20252026/NYI/8477407.png
8478115,Pierre Engvall,L,18,New York Islanders,NYI,https://assets.nhle.com/mugs/nhl/20252026/NYI/8478115.png
8483553,Marc Gatcomb,C,16,New York Islanders,NYI,https://assets.nhle.com/mugs/nhl/20252026/NYI/8483553.png
8482476,Emil Heineman,L,N/A,New York Islanders,NYI,https://assets.nhle.com/mugs/nhl/20252026/NYI/8482476.png
8481601,Simon Holmstrom,R,10,New York Islanders,NYI,https://assets.nhle.com/mugs/nhl/20252026/NYI/8481601.png
8477500,Bo Horvat,C,14,New York Islanders,NYI,https://assets.nhle.com/mugs/nhl/20252026/NYI/8477500.png
8475314,Anders Lee,L,27,New York Islanders,NYI,https://assets.nhle.com/mugs/nhl/20252026/NYI/8475314.png
8481237,Kyle MacLean,C,32,New York Islanders,NYI,https://assets.nhle.com/mugs/nhl/20252026/NYI/8481237.png
8476419,Jean-Gabriel Pageau,C,44,New York Islanders,NYI,https://assets.nhle.com/mugs/nhl/20252026/NYI/8476419.png
8475151,Kyle Palmieri,C,21,New York Islanders,NYI,https://assets.nhle.com/mugs/nhl/20252026/NYI/8475151.png
8484958,Maxim Tsyplakov,R,7,New York Islanders,NYI,https://assets.nhle.com/mugs/nhl/20252026/NYI/8484958.png
8480871,Adam Boqvist,D,34,New York Islanders,NYI,https://assets.nhle.com/mugs/nhl/20252026/NYI/8480871.png
8477950,Tony DeAngelo,D,4,New York Islanders,NYI,https://assets.nhle.com/mugs/nhl/20252026/NYI/8477950.png
8476429,Scott Mayfield,D,24,New York Islanders,NYI,https://assets.nhle.com/mugs/nhl/20252026/NYI/8476429.png
8476917,Adam Pelech,D,3,New York Islanders,NYI,https://assets.nhle.com/mugs/nhl/20252026/NYI/8476917.png
8477506,Ryan Pulock,D,6,New York Islanders,NYI,https://assets.nhle.com/mugs/nhl/20252026/NYI/8477506.png
8481014,Alexander Romanov,D,28,New York Islanders,NYI,https://assets.nhle.com/mugs/nhl/20252026/NYI/8481014.png
8477405,Marcus Hogberg,G,50,New York Islanders,NYI,https://assets.nhle.com/mugs/nhl/20252026/NYI/8477405.png
8479496,David Rittich,G,N/A,New York Islanders,NYI,https://assets.nhle.com/mugs/nhl/20252026/NYI/8479496.png
8478009,Ilya Sorokin,G,30,New York Islanders,NYI,https://assets.nhle.com/mugs/nhl/20252026/NYI/8478009.png
8473575,Semyon Varlamov,G,40,New York Islanders,NYI,https://assets.nhle.com/mugs/nhl/20252026/NYI/8473575.png
8478569,Noel Acciari,C,55,Pittsburgh Penguins,PIT,https://assets.nhle.com/mugs/nhl/20252026/PIT/8478569.png
8479638,Justin Brazeau,R,16,Pittsburgh Penguins,PIT,https://assets.nhle.com/mugs/nhl/20252026/PIT/8479638.png
8471675,Sidney Crosby,C,87,Pittsburgh Penguins,PIT,https://assets.nhle.com/mugs/nhl/20252026/PIT/8471675.png
8480980,Connor Dewar,C,19,Pittsburgh Penguins,PIT,https://assets.nhle.com/mugs/nhl/20252026/PIT/8480980.png
8475763,Kevin Hayes,R,13,Pittsburgh Penguins,PIT,https://assets.nhle.com/mugs/nhl/20252026/PIT/8475763.png
8478046,Danton Heinen,L,43,Pittsburgh Penguins,PIT,https://assets.nhle.com/mugs/nhl/20252026/PIT/8478046.png
8478147,Bokondji Imama,L,14,Pittsburgh Penguins,PIT,https://assets.nhle.com/mugs/nhl/20252026/PIT/8478147.png
8481481,Blake Lizotte,C,46,Pittsburgh Penguins,PIT,https://assets.nhle.com/mugs/nhl/20252026/PIT/8481481.png
8471215,Evgeni Malkin,C,71,Pittsburgh Penguins,PIT,https://assets.nhle.com/mugs/nhl/20252026/PIT/8471215.png
8477511,Anthony Mantha,R,39,Pittsburgh Penguins,PIT,https://assets.nhle.com/mugs/nhl/20252026/PIT/8477511.png
8483487,Rutger McGroarty,R,2,Pittsburgh Penguins,PIT,https://assets.nhle.com/mugs/nhl/20252026/PIT/8483487.png
8478438,Tommy Novak,C,18,Pittsburgh Penguins,PIT,https://assets.nhle.com/mugs/nhl/20252026/PIT/8478438.png
8476483,Rickard Rakell,R,67,Pittsburgh Penguins,PIT,https://assets.nhle.com/mugs/nhl/20252026/PIT/8476483.png
8475810,Bryan Rust,R,17,Pittsburgh Penguins,PIT,https://assets.nhle.com/mugs/nhl/20252026/PIT/8475810.png
8481577,Philip Tomasino,C,53,Pittsburgh Penguins,PIT,https://assets.nhle.com/mugs/nhl/20252026/PIT/8481577.png
8480823,Alexander Alexeyev,D,56,Pittsburgh Penguins,PIT,https://assets.nhle.com/mugs/nhl/20252026/PIT/8480823.png
8477365,Connor Clifton,D,75,Pittsburgh Penguins,PIT,https://assets.nhle.com/mugs/nhl/20252026/PIT/8477365.png
8476856,Mathew Dumba,D,24,Pittsburgh Penguins,PIT,https://assets.nhle.com/mugs/nhl/20252026/PIT/8476856.png
8477435,Ryan Graves,D,27,Pittsburgh Penguins,PIT,https://assets.nhle.com/mugs/nhl/20252026/PIT/8477435.png
8478452,Caleb Jones,D,82,Pittsburgh Penguins,PIT,https://assets.nhle.com/mugs/nhl/20252026/PIT/8478452.png
8474578,Erik Karlsson,D,65,Pittsburgh Penguins,PIT,https://assets.nhle.com/mugs/nhl/20252026/PIT/8474578.png
8480274,Philip Kemp,D,52,Pittsburgh Penguins,PIT,https://assets.nhle.com/mugs/nhl/20252026/PIT/8480274.png
8471724,Kris Letang,D,58,Pittsburgh Penguins,PIT,https://assets.nhle.com/mugs/nhl/20252026/PIT/8471724.png
8478854,Ryan Shea,D,5,Pittsburgh Penguins,PIT,https://assets.nhle.com/mugs/nhl/20252026/PIT/8478854.png
8478450,Parker Wotherspoon,D,28,Pittsburgh Penguins,PIT,https://assets.nhle.com/mugs/nhl/20252026/PIT/8478450.png
8477465,Tristan Jarry,G,35,Pittsburgh Penguins,PIT,https://assets.nhle.com/mugs/nhl/20252026/PIT/8477465.png
8484153,Leo Carlsson,C,91,Anaheim Ducks,ANA,https://assets.nhle.com/mugs/nhl/20252026/ANA/8484153.png
8482118,Sam Colangelo,R,N/A,Anaheim Ducks,ANA,https://assets.nhle.com/mugs/nhl/20252026/ANA/8482118.png
8483445,Cutter Gauthier,L,61,Anaheim Ducks,ANA,https://assets.nhle.com/mugs/nhl/20252026/ANA/8483445.png
8475798,Mikael Granlund,C,64,Anaheim Ducks,ANA,https://assets.nhle.com/mugs/nhl/20252026/ANA/8475798.png
8478424,Jansen Harkins,C,24,Anaheim Ducks,ANA,https://assets.nhle.com/mugs/nhl/20252026/ANA/8478424.png
8477527,Ross Johnston,L,44,Anaheim Ducks,ANA,https://assets.nhle.com/mugs/nhl/20252026/ANA/8477527.png
8473986,Alex Killorn,L,17,Anaheim Ducks,ANA,https://assets.nhle.com/mugs/nhl/20252026/ANA/8473986.png
8475184,Chris Kreider,L,20,Anaheim Ducks,ANA,https://assets.nhle.com/mugs/nhl/20252026/ANA/8475184.png
8482745,Mason McTavish,C,23,Anaheim Ducks,ANA,https://assets.nhle.com/mugs/nhl/20252026/ANA/8482745.png
8481754,Nikita Nesterenko,C,N/A,Anaheim Ducks,ANA,https://assets.nhle.com/mugs/nhl/20252026/ANA/8481754.png
8480068,Ryan Poehling,C,25,Anaheim Ducks,ANA,https://assets.nhle.com/mugs/nhl/20252026/ANA/8480068.png
8476458,Ryan Strome,C,16,Anaheim Ducks,ANA,https://assets.nhle.com/mugs/nhl/20252026/ANA/8476458.png
8478873,Troy Terry,R,19,Anaheim Ducks,ANA,https://assets.nhle.com/mugs/nhl/20252026/ANA/8478873.png
8478366,Frank Vatrano,R,77,Anaheim Ducks,ANA,https://assets.nhle.com/mugs/nhl/20252026/ANA/8478366.png
8485512,Tim Washe,C,42,Anaheim Ducks,ANA,https://assets.nhle.com/mugs/nhl/20252026/ANA/8485512.png
8475462,Radko Gudas,D,7,Anaheim Ducks,ANA,https://assets.nhle.com/mugs/nhl/20252026/ANA/8475462.png
8481563,Drew Helleson,D,14,Anaheim Ducks,ANA,https://assets.nhle.com/mugs/nhl/20252026/ANA/8481563.png
8481605,Jackson LaCombe,D,2,Anaheim Ducks,ANA,https://assets.nhle.com/mugs/nhl/20252026/ANA/8481605.png
8483482,Tristan Luneau,D,67,Anaheim Ducks,ANA,https://assets.nhle.com/mugs/nhl/20252026/ANA/8483482.png
8483490,Pavel Mintyukov,D,98,Anaheim Ducks,ANA,https://assets.nhle.com/mugs/nhl/20252026/ANA/8483490.png
8482178,Ian Moore,D,74,Anaheim Ducks,ANA,https://assets.nhle.com/mugs/nhl/20252026/ANA/8482178.png
8476885,Jacob Trouba,D,65,Anaheim Ducks,ANA,https://assets.nhle.com/mugs/nhl/20252026/ANA/8476885.png
8482803,Olen Zellweger,D,51,Anaheim Ducks,ANA,https://assets.nhle.com/mugs/nhl/20252026/ANA/8482803.png
8480843,Lukas Dostal,G,1,Anaheim Ducks,ANA,https://assets.nhle.com/mugs/nhl/20252026/ANA/8480843.png
8478024,Ville Husso,G,33,Anaheim Ducks,ANA,https://assets.nhle.com/mugs/nhl/20252026/ANA/8478024.png
8475852,Petr Mrazek,G,34,Anaheim Ducks,ANA,https://assets.nhle.com/mugs/nhl/20252026/ANA/8475852.png
8484145,Zach Benson,L,9,Buffalo Sabres,BUF,https://assets.nhle.com/mugs/nhl/20252026/BUF/8484145.png
8479941,Justin Danforth,R,N/A,Buffalo Sabres,BUF,https://assets.nhle.com/mugs/nhl/20252026/BUF/8479941.png
8482659,Josh Doan,R,N/A,Buffalo Sabres,BUF,https://assets.nhle.com/mugs/nhl/20252026/BUF/8482659.png
8478413,Jordan Greenway,L,12,Buffalo Sabres,BUF,https://assets.nhle.com/mugs/nhl/20252026/BUF/8478413.png
8481522,Peyton Krebs,C,19,Buffalo Sabres,BUF,https://assets.nhle.com/mugs/nhl/20252026/BUF/8481522.png
8479359,Beck Malenstyn,L,29,Buffalo Sabres,BUF,https://assets.nhle.com/mugs/nhl/20252026/BUF/8479359.png
8480802,Ryan McLeod,C,71,Buffalo Sabres,BUF,https://assets.nhle.com/mugs/nhl/20252026/BUF/8480802.png
8480064,Josh Norris,C,13,Buffalo Sabres,BUF,https://assets.nhle.com/mugs/nhl/20252026/BUF/8480064.png
8482097,Jack Quinn,R,22,Buffalo Sabres,BUF,https://assets.nhle.com/mugs/nhl/20252026/BUF/8482097.png
8479420,Tage Thompson,C,72,Buffalo Sabres,BUF,https://assets.nhle.com/mugs/nhl/20252026/BUF/8479420.png
8477949,Alex Tuch,R,89,Buffalo Sabres,BUF,https://assets.nhle.com/mugs/nhl/20252026/BUF/8477949.png
8475722,Jason Zucker,L,17,Buffalo Sabres,BUF,https://assets.nhle.com/mugs/nhl/20252026/BUF/8475722.png
8480196,Jacob Bryson,D,78,Buffalo Sabres,BUF,https://assets.nhle.com/mugs/nhl/20252026/BUF/8480196.png
8481524,Bowen Byram,D,4,Buffalo Sabres,BUF,https://assets.nhle.com/mugs/nhl/20252026/BUF/8481524.png
8480839,Rasmus Dahlin,D,26,Buffalo Sabres,BUF,https://assets.nhle.com/mugs/nhl/20252026/BUF/8480839.png
8481708,Zac Jones,D,N/A,Buffalo Sabres,BUF,https://assets.nhle.com/mugs/nhl/20252026/BUF/8481708.png
8480891,Michael Kesselring,D,N/A,Buffalo Sabres,BUF,https://assets.nhle.com/mugs/nhl/20252026/BUF/8480891.png
8482671,Owen Power,D,25,Buffalo Sabres,BUF,https://assets.nhle.com/mugs/nhl/20252026/BUF/8482671.png
8480807,Mattias Samuelsson,D,23,Buffalo Sabres,BUF,https://assets.nhle.com/mugs/nhl/20252026/BUF/8480807.png
8479982,Conor Timmins,D,N/A,Buffalo Sabres,BUF,https://assets.nhle.com/mugs/nhl/20252026/BUF/8479982.png
8480045,Ukko-Pekka Luukkonen,G,1,Buffalo Sabres,BUF,https://assets.nhle.com/mugs/nhl/20252026/BUF/8480045.png
8479312,Alex Lyon,G,N/A,Buffalo Sabres,BUF,https://assets.nhle.com/mugs/nhl/20252026/BUF/8479312.png
8482665,Matty Beniers,C,10,Seattle Kraken,SEA,https://assets.nhle.com/mugs/nhl/20252026/SEA/8482665.png
8474586,Jordan Eberle,R,7,Seattle Kraken,SEA,https://assets.nhle.com/mugs/nhl/20252026/SEA/8474586.png
8477919,Frederick Gaudreau,C,89,Seattle Kraken,SEA,https://assets.nhle.com/mugs/nhl/20252026/SEA/8477919.png
8477401,John Hayden,C,15,Seattle Kraken,SEA,https://assets.nhle.com/mugs/nhl/20252026/SEA/8477401.png
8481554,Kaapo Kakko,R,84,Seattle Kraken,SEA,https://assets.nhle.com/mugs/nhl/20252026/SEA/8481554.png
8481789,Tye Kartye,L,12,Seattle Kraken,SEA,https://assets.nhle.com/mugs/nhl/20252026/SEA/8481789.png
8478975,Mason Marchment,L,27,Seattle Kraken,SEA,https://assets.nhle.com/mugs/nhl/20252026/SEA/8478975.png
8477955,Jared McCann,L,19,Seattle Kraken,SEA,https://assets.nhle.com/mugs/nhl/20252026/SEA/8477955.png
8475768,Jaden Schwartz,C,17,Seattle Kraken,SEA,https://assets.nhle.com/mugs/nhl/20252026/SEA/8475768.png
8476905,Chandler Stephenson,C,9,Seattle Kraken,SEA,https://assets.nhle.com/mugs/nhl/20252026/SEA/8476905.png
8480009,Eeli Tolvanen,R,20,Seattle Kraken,SEA,https://assets.nhle.com/mugs/nhl/20252026/SEA/8480009.png
8483524,Shane Wright,C,51,Seattle Kraken,SEA,https://assets.nhle.com/mugs/nhl/20252026/SEA/8483524.png
8478407,Vince Dunn,D,29,Seattle Kraken,SEA,https://assets.nhle.com/mugs/nhl/20252026/SEA/8478407.png
8482858,Ryker Evans,D,41,Seattle Kraken,SEA,https://assets.nhle.com/mugs/nhl/20252026/SEA/8482858.png
8479985,Cale Fleury,D,8,Seattle Kraken,SEA,https://assets.nhle.com/mugs/nhl/20252026/SEA/8479985.png
8476457,Adam Larsson,D,6,Seattle Kraken,SEA,https://assets.nhle.com/mugs/nhl/20252026/SEA/8476457.png
8479324,Ryan Lindgren,D,55,Seattle Kraken,SEA,https://assets.nhle.com/mugs/nhl/20252026/SEA/8479324.png
8479372,Joshua Mahura,D,28,Seattle Kraken,SEA,https://assets.nhle.com/mugs/nhl/20252026/SEA/8479372.png
8477986,Brandon Montour,D,62,Seattle Kraken,SEA,https://assets.nhle.com/mugs/nhl/20252026/SEA/8477986.png
8476467,Jamie Oleksiak,D,24,Seattle Kraken,SEA,https://assets.nhle.com/mugs/nhl/20252026/SEA/8476467.png
8478916,Joey Daccord,G,35,Seattle Kraken,SEA,https://assets.nhle.com/mugs/nhl/20252026/SEA/8478916.png
8475831,Philipp Grubauer,G,31,Seattle Kraken,SEA,https://assets.nhle.com/mugs/nhl/20252026/SEA/8475831.png
8476899,Matt Murray,G,30,Seattle Kraken,SEA,https://assets.nhle.com/mugs/nhl/20252026/SEA/8476899.png
8478042,Viktor Arvidsson,L,71,Boston Bruins,BOS,https://assets.nhle.com/mugs/nhl/20252026/BOS/8478042.png
8481556,John Beecher,C,19,Boston Bruins,BOS,https://assets.nhle.com/mugs/nhl/20252026/BOS/8481556.png
8479591,Michael Eyssimont,C,81,Boston Bruins,BOS,https://assets.nhle.com/mugs/nhl/20252026/BOS/8479591.png
8479987,Morgan Geekie,C,39,Boston Bruins,BOS,https://assets.nhle.com/mugs/nhl/20252026/BOS/8479987.png
8479661,Tanner Jeannot,L,84,Boston Bruins,BOS,https://assets.nhle.com/mugs/nhl/20252026/BOS/8479661.png
8480355,Mark Kastelic,C,47,Boston Bruins,BOS,https://assets.nhle.com/mugs/nhl/20252026/BOS/8480355.png
8482177,Marat Khusnutdinov,C,92,Boston Bruins,BOS,https://assets.nhle.com/mugs/nhl/20252026/BOS/8482177.png
8476374,Sean Kuraly,C,52,Boston Bruins,BOS,https://assets.nhle.com/mugs/nhl/20252026/BOS/8476374.png
8477496,Elias Lindholm,C,28,Boston Bruins,BOS,https://assets.nhle.com/mugs/nhl/20252026/BOS/8477496.png
8479999,Casey Mittelstadt,C,11,Boston Bruins,BOS,https://assets.nhle.com/mugs/nhl/20252026/BOS/8479999.png
8477956,David Pastrnak,R,88,Boston Bruins,BOS,https://assets.nhle.com/mugs/nhl/20252026/BOS/8477956.png
8482634,Alex Steeves,C,21,Boston Bruins,BOS,https://assets.nhle.com/mugs/nhl/20252026/BOS/8482634.png
8478401,Pavel Zacha,C,18,Boston Bruins,BOS,https://assets.nhle.com/mugs/nhl/20252026/BOS/8478401.png
8480887,Jordan Harris,D,43,Boston Bruins,BOS,https://assets.nhle.com/mugs/nhl/20252026/BOS/8480887.png
8480035,Henri Jokiharju,D,20,Boston Bruins,BOS,https://assets.nhle.com/mugs/nhl/20252026/BOS/8480035.png
8476854,Hampus Lindholm,D,27,Boston Bruins,BOS,https://assets.nhle.com/mugs/nhl/20252026/BOS/8476854.png
8482511,Mason Lohrei,D,6,Boston Bruins,BOS,https://assets.nhle.com/mugs/nhl/20252026/BOS/8482511.png
8479325,Charlie McAvoy,D,73,Boston Bruins,BOS,https://assets.nhle.com/mugs/nhl/20252026/BOS/8479325.png
8479369,Andrew Peeke,D,26,Boston Bruins,BOS,https://assets.nhle.com/mugs/nhl/20252026/BOS/8479369.png
8477507,Nikita Zadorov,D,91,Boston Bruins,BOS,https://assets.nhle.com/mugs/nhl/20252026/BOS/8477507.png
8476914,Joonas Korpisalo,G,70,Boston Bruins,BOS,https://assets.nhle.com/mugs/nhl/20252026/BOS/8476914.png
8480280,Jeremy Swayman,G,1,Boston Bruins,BOS,https://assets.nhle.com/mugs/nhl/20252026/BOS/8480280.png
8481553,Bobby Brink,R,10,Philadelphia Flyers,PHI,https://assets.nhle.com/mugs/nhl/20252026/PHI/8481553.png
8480220,Noah Cates,L,27,Philadelphia Flyers,PHI,https://assets.nhle.com/mugs/nhl/20252026/PHI/8480220.png
8476461,Sean Couturier,C,14,Philadelphia Flyers,PHI,https://assets.nhle.com/mugs/nhl/20252026/PHI/8476461.png
8475235,Nicolas Deslauriers,L,44,Philadelphia Flyers,PHI,https://assets.nhle.com/mugs/nhl/20252026/PHI/8475235.png
8485483,Karsen Dorwart,L,23,Philadelphia Flyers,PHI,https://assets.nhle.com/mugs/nhl/20252026/PHI/8485483.png
8477989,Christian Dvorak,L,N/A,Philadelphia Flyers,PHI,https://assets.nhle.com/mugs/nhl/20252026/PHI/8477989.png
8482159,Tyson Foerster,R,71,Philadelphia Flyers,PHI,https://assets.nhle.com/mugs/nhl/20252026/PHI/8482159.png
8477903,Garnet Hathaway,R,19,Philadelphia Flyers,PHI,https://assets.nhle.com/mugs/nhl/20252026/PHI/8477903.png
8483461,Devin Kaplan,R,68,Philadelphia Flyers,PHI,https://assets.nhle.com/mugs/nhl/20252026/PHI/8483461.png
8478439,Travis Konecny,R,11,Philadelphia Flyers,PHI,https://assets.nhle.com/mugs/nhl/20252026/PHI/8478439.png
8484387,Matvei Michkov,R,39,Philadelphia Flyers,PHI,https://assets.nhle.com/mugs/nhl/20252026/PHI/8484387.png
8480015,Owen Tippett,R,74,Philadelphia Flyers,PHI,https://assets.nhle.com/mugs/nhl/20252026/PHI/8480015.png
8481533,Trevor Zegras,C,N/A,Philadelphia Flyers,PHI,https://assets.nhle.com/mugs/nhl/20252026/PHI/8481533.png
8482142,Jamie Drysdale,D,9,Philadelphia Flyers,PHI,https://assets.nhle.com/mugs/nhl/20252026/PHI/8482142.png
8475176,Ryan Ellis,D,94,Philadelphia Flyers,PHI,https://assets.nhle.com/mugs/nhl/20252026/PHI/8475176.png
8478502,Dennis Gilbert,D,N/A,Philadelphia Flyers,PHI,https://assets.nhle.com/mugs/nhl/20252026/PHI/8478502.png
8478454,Noah Juulsen,D,N/A,Philadelphia Flyers,PHI,https://assets.nhle.com/mugs/nhl/20252026/PHI/8478454.png
8477499,Rasmus Ristolainen,D,55,Philadelphia Flyers,PHI,https://assets.nhle.com/mugs/nhl/20252026/PHI/8477499.png
8477948,Travis Sanheim,D,6,Philadelphia Flyers,PHI,https://assets.nhle.com/mugs/nhl/20252026/PHI/8477948.png
8476372,Nick Seeler,D,24,Philadelphia Flyers,PHI,https://assets.nhle.com/mugs/nhl/20252026/PHI/8476372.png
8481546,Cam York,D,8,Philadelphia Flyers,PHI,https://assets.nhle.com/mugs/nhl/20252026/PHI/8481546.png
8481178,Egor Zamula,D,5,Philadelphia Flyers,PHI,https://assets.nhle.com/mugs/nhl/20252026/PHI/8481178.png
8481035,Samuel Ersson,G,33,Philadelphia Flyers,PHI,https://assets.nhle.com/mugs/nhl/20252026/PHI/8481035.png
8478905,Ivan Fedotov,G,82,Philadelphia Flyers,PHI,https://assets.nhle.com/mugs/nhl/20252026/PHI/8478905.png
8482783,Aleksei Kolosov,G,35,Philadelphia Flyers,PHI,https://assets.nhle.com/mugs/nhl/20252026/PHI/8482783.png
8478435,Dan Vladar,G,N/A,Philadelphia Flyers,PHI,https://assets.nhle.com/mugs/nhl/20252026/PHI/8478435.png
8478047,Michael Bunting,L,58,Nashville Predators,NSH,https://assets.nhle.com/mugs/nhl/20252026/NSH/8478047.png
8482146,Luke Evangelista,R,77,Nashville Predators,NSH,https://assets.nhle.com/mugs/nhl/20252026/NSH/8482146.png
8476887,Filip Forsberg,L,9,Nashville Predators,NSH,https://assets.nhle.com/mugs/nhl/20252026/NSH/8476887.png
8475287,Erik Haula,L,56,Nashville Predators,NSH,https://assets.nhle.com/mugs/nhl/20252026/NSH/8475287.png
8482742,Zachary L'Heureux,L,68,Nashville Predators,NSH,https://assets.nhle.com/mugs/nhl/20252026/NSH/8482742.png
8476539,Jonathan Marchessault,C,81,Nashville Predators,NSH,https://assets.nhle.com/mugs/nhl/20252026/NSH/8476539.png
8477446,Michael McCarron,R,47,Nashville Predators,NSH,https://assets.nhle.com/mugs/nhl/20252026/NSH/8477446.png
8475158,Ryan O'Reilly,C,90,Nashville Predators,NSH,https://assets.nhle.com/mugs/nhl/20252026/NSH/8475158.png
8482062,Cole Smith,L,36,Nashville Predators,NSH,https://assets.nhle.com/mugs/nhl/20252026/NSH/8482062.png
8474564,Steven Stamkos,C,91,Nashville Predators,NSH,https://assets.nhle.com/mugs/nhl/20252026/NSH/8474564.png
8484241,Matthew Wood,R,71,Nashville Predators,NSH,https://assets.nhle.com/mugs/nhl/20252026/NSH/8484241.png
8482111,Justin Barron,D,20,Nashville Predators,NSH,https://assets.nhle.com/mugs/nhl/20252026/NSH/8482111.png
8483565,Nick Blankenburg,D,37,Nashville Predators,NSH,https://assets.nhle.com/mugs/nhl/20252026/NSH/8483565.png
8477971,Andreas Englund,D,8,Nashville Predators,NSH,https://assets.nhle.com/mugs/nhl/20252026/NSH/8477971.png
8479980,Nicolas Hague,D,41,Nashville Predators,NSH,https://assets.nhle.com/mugs/nhl/20252026/NSH/8479980.png
8474600,Roman Josi,D,59,Nashville Predators,NSH,https://assets.nhle.com/mugs/nhl/20252026/NSH/8474600.png
8477851,Jordan Oesterle,D,82,Nashville Predators,NSH,https://assets.nhle.com/mugs/nhl/20252026/NSH/8477851.png
8480246,Nick Perbix,D,48,Nashville Predators,NSH,https://assets.nhle.com/mugs/nhl/20252026/NSH/8480246.png
8476869,Brady Skjei,D,76,Nashville Predators,NSH,https://assets.nhle.com/mugs/nhl/20252026/NSH/8476869.png
8482482,Adam Wilsby,D,83,Nashville Predators,NSH,https://assets.nhle.com/mugs/nhl/20252026/NSH/8482482.png
8481020,Justus Annunen,G,29,Nashville Predators,NSH,https://assets.nhle.com/mugs/nhl/20252026/NSH/8481020.png
8477424,Juuse Saros,G,74,Nashville Predators,NSH,https://assets.nhle.com/mugs/nhl/20252026/NSH/8477424.png
8484144,Connor Bedard,C,98,Chicago Blackhawks,CHI,https://assets.nhle.com/mugs/nhl/20252026/CHI/8484144.png
8477479,Tyler Bertuzzi,L,59,Chicago Blackhawks,CHI,https://assets.nhle.com/mugs/nhl/20252026/CHI/8477479.png
8477444,Andre Burakovsky,L,N/A,Chicago Blackhawks,CHI,https://assets.nhle.com/mugs/nhl/20252026/CHI/8477444.png
8477450,Jason Dickinson,C,16,Chicago Blackhawks,CHI,https://assets.nhle.com/mugs/nhl/20252026/CHI/8477450.png
8477987,Ryan Donato,C,8,Chicago Blackhawks,CHI,https://assets.nhle.com/mugs/nhl/20252026/CHI/8477987.png
8473422,Nick Foligno,L,17,Chicago Blackhawks,CHI,https://assets.nhle.com/mugs/nhl/20252026/CHI/8473422.png
8483450,Ryan Greene,C,20,Chicago Blackhawks,CHI,https://assets.nhle.com/mugs/nhl/20252026/CHI/8483450.png
8478043,Sam Lafferty,C,24,Chicago Blackhawks,CHI,https://assets.nhle.com/mugs/nhl/20252026/CHI/8478043.png
8481624,Ilya Mikheyev,R,95,Chicago Blackhawks,CHI,https://assets.nhle.com/mugs/nhl/20252026/CHI/8481624.png
8484197,Oliver Moore,C,11,Chicago Blackhawks,CHI,https://assets.nhle.com/mugs/nhl/20252026/CHI/8484197.png
8483493,Frank Nazar,C,91,Chicago Blackhawks,CHI,https://assets.nhle.com/mugs/nhl/20252026/CHI/8483493.png
8482117,Lukas Reichel,L,73,Chicago Blackhawks,CHI,https://assets.nhle.com/mugs/nhl/20252026/CHI/8482117.png
8482172,Landon Slaggert,L,84,Chicago Blackhawks,CHI,https://assets.nhle.com/mugs/nhl/20252026/CHI/8482172.png
8476882,Teuvo Teravainen,C,86,Chicago Blackhawks,CHI,https://assets.nhle.com/mugs/nhl/20252026/CHI/8476882.png
8476952,Dominic Toninato,C,N/A,Chicago Blackhawks,CHI,https://assets.nhle.com/mugs/nhl/20252026/CHI/8476952.png
8481806,Louis Crevier,D,46,Chicago Blackhawks,CHI,https://assets.nhle.com/mugs/nhl/20252026/CHI/8481806.png
8482176,Wyatt Kaiser,D,44,Chicago Blackhawks,CHI,https://assets.nhle.com/mugs/nhl/20252026/CHI/8482176.png
8484783,Artyom Levshunov,D,55,Chicago Blackhawks,CHI,https://assets.nhle.com/mugs/nhl/20252026/CHI/8484783.png
8476473,Connor Murphy,D,5,Chicago Blackhawks,CHI,https://assets.nhle.com/mugs/nhl/20252026/CHI/8476473.png
8483506,Sam Rinzel,D,6,Chicago Blackhawks,CHI,https://assets.nhle.com/mugs/nhl/20252026/CHI/8483506.png
8481568,Alex Vlasic,D,72,Chicago Blackhawks,CHI,https://assets.nhle.com/mugs/nhl/20252026/CHI/8481568.png
8481519,Spencer Knight,G,30,Chicago Blackhawks,CHI,https://assets.nhle.com/mugs/nhl/20252026/CHI/8481519.png
8482821,Arvid Soderblom,G,40,Chicago Blackhawks,CHI,https://assets.nhle.com/mugs/nhl/20252026/CHI/8482821.png
8484801,Macklin Celebrini,C,71,San Jose Sharks,SJS,https://assets.nhle.com/mugs/nhl/20252026/SJS/8484801.png
8480848,Ty Dellandrea,C,53,San Jose Sharks,SJS,https://assets.nhle.com/mugs/nhl/20252026/SJS/8480848.png
8482667,William Eklund,L,72,San Jose Sharks,SJS,https://assets.nhle.com/mugs/nhl/20252026/SJS/8482667.png
8478874,Adam Gaudette,C,N/A,San Jose Sharks,SJS,https://assets.nhle.com/mugs/nhl/20252026/SJS/8478874.png
8476624,Barclay Goodrow,R,23,San Jose Sharks,SJS,https://assets.nhle.com/mugs/nhl/20252026/SJS/8476624.png
8479336,Carl Grundstrom,R,91,San Jose Sharks,SJS,https://assets.nhle.com/mugs/nhl/20252026/SJS/8479336.png
8480798,Philipp Kurashev,C,N/A,San Jose Sharks,SJS,https://assets.nhle.com/mugs/nhl/20252026/SJS/8480798.png
8483481,Cam Lund,C,46,San Jose Sharks,SJS,https://assets.nhle.com/mugs/nhl/20252026/SJS/8483481.png
8471817,Ryan Reaves,R,N/A,San Jose Sharks,SJS,https://assets.nhle.com/mugs/nhl/20252026/SJS/8471817.png
8475784,Jeff Skinner,C,N/A,San Jose Sharks,SJS,https://assets.nhle.com/mugs/nhl/20252026/SJS/8475784.png
8484227,Will Smith,C,2,San Jose Sharks,SJS,https://assets.nhle.com/mugs/nhl/20252026/SJS/8484227.png
8475726,Tyler Toffoli,C,73,San Jose Sharks,SJS,https://assets.nhle.com/mugs/nhl/20252026/SJS/8475726.png
8477505,Alexander Wennberg,C,21,San Jose Sharks,SJS,https://assets.nhle.com/mugs/nhl/20252026/SJS/8477505.png
8479576,Vincent Desharnais,D,5,San Jose Sharks,SJS,https://assets.nhle.com/mugs/nhl/20252026/SJS/8479576.png
8479983,Mario Ferraro,D,38,San Jose Sharks,SJS,https://assets.nhle.com/mugs/nhl/20252026/SJS/8479983.png
8475906,John Klingberg,D,N/A,San Jose Sharks,SJS,https://assets.nhle.com/mugs/nhl/20252026/SJS/8475906.png
8475181,Nick Leddy,D,N/A,San Jose Sharks,SJS,https://assets.nhle.com/mugs/nhl/20252026/SJS/8475181.png
8480043,Timothy Liljegren,D,37,San Jose Sharks,SJS,https://assets.nhle.com/mugs/nhl/20252026/SJS/8480043.png
8482166,Shakir Mukhamadullin,D,85,San Jose Sharks,SJS,https://assets.nhle.com/mugs/nhl/20252026/SJS/8482166.png
8475200,Dmitry Orlov,D,N/A,San Jose Sharks,SJS,https://assets.nhle.com/mugs/nhl/20252026/SJS/8475200.png
8477968,Alex Nedeljkovic,G,N/A,San Jose Sharks,SJS,https://assets.nhle.com/mugs/nhl/20252026/SJS/8477968.png
